Date,Symbol,Series,Date,Prev Close,Open Price,High Price,Low Price,Last Price,Close Price,Average Price,Total Traded Quantity,Turnover,No. of Trades,Deliverable Qty,% Dly Qt to Traded Qty,Month,Year,VWAP,Day_Perc_Change,Trend
2017-05-15,RBLBANK,EQ,2017-05-15,556.55,557.5,564.9,551.1,564.25,563.9,560.31,888219,497674867.95,17580,387382,43.61,5,2017,563.9,0.0,Slight or no change
2017-05-16,RBLBANK,EQ,2017-05-16,563.9,564.8,567.7,559.0,561.6,562.6,562.26,495571,278640917.4,8172,203735,41.11,5,2017,563.4344363667898,-0.23053732931369586,Slight or no change
2017-05-17,RBLBANK,EQ,2017-05-17,562.6,563.0,569.9,558.0,564.7,564.25,563.94,831318,468817558.0,13860,253851,30.54,5,2017,563.7405129682164,0.293281194454309,Slight or no change
2017-05-18,RBLBANK,EQ,2017-05-18,564.25,559.8,563.0,551.0,553.5,552.15,555.33,1050920,583612037.35,27124,615645,58.58,5,2017,560.0109975174738,-2.1444395214887058,Negative
2017-05-19,RBLBANK,EQ,2017-05-19,552.15,560.95,567.0,551.4,553.8,555.45,558.44,1292735,721910060.6,39632,569809,44.08,5,2017,558.7176288721304,0.5976636783482814,Slight positive
2017-05-22,RBLBANK,EQ,2017-05-22,555.45,557.5,559.95,542.6,545.5,544.85,548.78,676006,370977954.8,13070,285523,42.24,5,2017,556.9267952511372,-1.9083625888918987,Negative
2017-05-23,RBLBANK,EQ,2017-05-23,544.85,546.0,547.4,502.2,522.0,524.5,525.03,1588845,834193700.8,31571,531438,33.45,5,2017,549.3763752682962,-3.7349729283289057,Among top losers
2017-05-24,RBLBANK,EQ,2017-05-24,524.5,524.95,539.7,518.2,526.3,524.35,529.33,1343057,710921387.3,25418,486475,36.22,5,2017,545.260640902517,-0.02859866539560718,Slight or no change
2017-05-25,RBLBANK,EQ,2017-05-25,524.35,527.8,549.45,525.75,548.2,545.6,537.94,1052847,566367161.5,17723,446922,42.45,5,2017,545.299394903291,4.052636597692372,Among top gainers
2017-05-26,RBLBANK,EQ,2017-05-26,545.6,549.4,552.5,505.3,515.6,516.55,521.74,7280565,3798585459.8,92398,3695651,50.76,5,2017,532.6138927573879,-5.324413489736079,Among top losers
2017-05-29,RBLBANK,EQ,2017-05-29,516.55,519.0,527.9,504.0,507.05,508.15,514.44,2977390,1531691905.15,42525,1197065,40.21,5,2017,528.8742623824969,-1.6261736521149928,Negative
2017-05-30,RBLBANK,EQ,2017-05-30,508.15,505.4,514.0,495.85,511.0,509.5,507.62,1418146,719881872.8,21947,333261,23.5,5,2017,527.5593679684722,0.2656695857522484,Slight or no change
2017-05-31,RBLBANK,EQ,2017-05-31,509.5,511.0,537.9,509.9,536.0,527.7,523.48,3068601,1606363621.05,44628,1326531,43.23,5,2017,527.5773757981691,3.5721295387635132,Among top gainers
2017-06-01,RBLBANK,EQ,2017-06-01,527.7,533.0,554.25,531.0,549.6,550.1,543.29,3657981,1987343545.05,54169,1189994,32.53,6,2017,530.560024841974,4.244836081106684,Among top gainers
2017-06-02,RBLBANK,EQ,2017-06-02,550.1,552.0,558.0,546.05,550.0,550.85,552.57,1634243,903033424.7,26334,526126,32.19,6,2017,531.6934076232915,0.13633884748227576,Slight or no change
2017-06-05,RBLBANK,EQ,2017-06-05,550.85,552.9,552.9,540.0,542.8,542.95,546.73,761989,416601092.6,14325,286938,37.66,6,2017,531.9791453754431,-1.4341472270127942,Negative
2017-06-06,RBLBANK,EQ,2017-06-06,542.95,543.4,550.8,537.5,541.4,542.8,544.27,1075850,585553292.75,18819,234654,21.81,6,2017,532.3535427026891,-0.027626853301421228,Slight or no change
2017-06-07,RBLBANK,EQ,2017-06-07,542.8,543.0,552.7,539.35,550.3,549.45,545.51,1431120,780683985.8,20354,640881,44.78,6,2017,533.1057880159086,1.225128960943267,Positive
2017-06-08,RBLBANK,EQ,2017-06-08,549.45,551.7,551.85,542.1,542.5,544.65,546.62,1553389,849113252.2,25524,777537,50.05,6,2017,533.6319995057336,-0.8736008736008882,Slight negative
2017-06-09,RBLBANK,EQ,2017-06-09,544.65,543.0,543.7,533.5,536.1,537.6,538.16,1196296,643796053.7,15758,578450,48.35,6,2017,533.7665676496681,-1.2944092536491203,Negative
2017-06-12,RBLBANK,EQ,2017-06-12,537.6,536.0,536.6,526.3,527.3,527.8,529.86,830261,439924655.8,13310,344417,41.48,6,2017,533.6293633693998,-1.822916666666674,Negative
2017-06-13,RBLBANK,EQ,2017-06-13,527.8,528.0,533.65,514.25,516.0,516.35,523.52,1508713,789838934.75,27905,541069,35.86,6,2017,532.9362821449594,-2.169382341796122,Negative
2017-06-14,RBLBANK,EQ,2017-06-14,516.35,517.0,524.7,512.25,517.95,518.1,517.85,1540848,797934364.8,26356,388281,25.2,6,2017,532.3524356830342,0.33891740098770384,Slight or no change
2017-06-15,RBLBANK,EQ,2017-06-15,518.1,518.5,519.15,510.1,513.45,514.0,514.81,897817,462208374.45,15822,356387,39.69,6,2017,531.9410497430049,-0.7913530206523856,Slight negative
2017-06-16,RBLBANK,EQ,2017-06-16,514.0,514.0,520.4,513.0,515.35,515.0,517.03,1156394,597890861.95,15282,435971,37.7,6,2017,531.4656567280334,0.1945525291828787,Slight or no change
2017-06-19,RBLBANK,EQ,2017-06-19,515.0,517.9,518.6,507.05,507.5,509.35,512.67,1041585,533990639.65,19690,541892,52.03,6,2017,530.9204507777928,-1.0970873786407709,Negative
2017-06-20,RBLBANK,EQ,2017-06-20,509.35,510.0,515.5,508.45,509.5,509.65,511.51,927004,474171365.15,29582,379606,40.95,6,2017,530.4637847583856,0.05889859625012317,Slight or no change
2017-06-21,RBLBANK,EQ,2017-06-21,509.65,510.9,517.85,505.0,511.3,512.2,513.59,1659522,852314343.3,27068,652298,39.31,6,2017,529.787802962502,0.5003433729029894,Slight positive
2017-06-22,RBLBANK,EQ,2017-06-22,512.2,514.8,518.0,509.85,512.4,511.7,516.07,1500000,774106302.95,19900,874722,58.31,6,2017,529.2022758761246,-0.09761811792269315,Slight or no change
2017-06-23,RBLBANK,EQ,2017-06-23,511.7,514.0,514.0,501.6,506.0,505.85,506.07,1195150,604831538.9,23399,574916,48.1,6,2017,528.6151083213123,-1.1432479968731646,Negative
2017-06-27,RBLBANK,EQ,2017-06-27,505.85,506.0,511.0,492.25,507.55,508.95,502.42,1651637,829814774.8,39112,766106,46.38,6,2017,527.9547389335954,0.6128298902836837,Slight positive
2017-06-28,RBLBANK,EQ,2017-06-28,508.95,505.75,512.75,502.85,504.95,505.35,506.89,1064791,539734924.05,23810,376128,35.32,6,2017,527.4757360960388,-0.7073386383731117,Slight negative
2017-06-29,RBLBANK,EQ,2017-06-29,505.35,506.95,514.65,500.0,501.3,501.8,506.65,1797714,910816554.9,38586,732470,40.74,6,2017,526.588882821454,-0.7024834273275937,Slight negative
2017-06-30,RBLBANK,EQ,2017-06-30,501.8,498.5,509.0,496.25,508.5,507.75,503.69,1665573,838936966.55,25131,635095,38.13,6,2017,526.0047027888335,1.185731367078513,Positive
2017-07-03,RBLBANK,EQ,2017-07-03,507.75,507.95,519.5,503.75,518.0,517.7,514.84,1681165,865525078.8,25073,551900,32.83,7,2017,525.7526581328609,1.9596258000984745,Positive
2017-07-04,RBLBANK,EQ,2017-07-04,517.7,518.0,527.35,516.0,522.0,521.8,522.86,2341020,1224035310.85,47023,1025267,43.8,7,2017,525.5923850434305,0.7919644581803942,Slight positive
2017-07-05,RBLBANK,EQ,2017-07-05,521.8,525.3,526.9,520.5,524.0,524.25,523.37,1352844,708040497.8,18312,594034,43.91,7,2017,525.5616501325516,0.46952855500193014,Slight or no change
2017-07-06,RBLBANK,EQ,2017-07-06,524.25,522.0,529.4,521.05,523.15,524.85,526.04,977589,514252170.55,15175,383542,39.23,7,2017,525.5500676029179,0.11444921316166035,Slight or no change
2017-07-07,RBLBANK,EQ,2017-07-07,524.85,512.0,530.0,508.4,527.3,527.0,519.9,4378621,2276435168.85,67213,1438803,32.86,7,2017,525.6485836766736,0.40964084976660153,Slight or no change
2017-07-10,RBLBANK,EQ,2017-07-10,527.0,530.0,551.0,495.0,532.9,532.6,531.64,264541,140641675.95,3830,141273,53.4,7,2017,525.6770026993776,1.0626185958254375,Positive
2017-07-11,RBLBANK,EQ,2017-07-11,532.6,532.5,537.9,530.0,530.3,532.05,533.53,895189,477606511.8,13457,318209,35.55,7,2017,525.7639656635864,-0.10326699211417045,Slight or no change
2017-07-12,RBLBANK,EQ,2017-07-12,532.05,533.0,536.0,529.3,533.0,533.75,532.67,616647,328471566.6,9565,203400,32.98,7,2017,525.8383327046432,0.3195188422140838,Slight or no change
2017-07-13,RBLBANK,EQ,2017-07-13,533.75,534.0,547.0,533.0,546.05,546.35,542.55,2016844,1094245771.7,26227,694888,34.45,7,2017,526.444588866053,2.3606557377049198,Positive
2017-07-14,RBLBANK,EQ,2017-07-14,546.35,549.75,551.75,538.45,540.25,540.75,542.82,1083576,588186762.65,19109,385794,35.6,7,2017,526.668203557832,-1.0249839846252495,Negative
2017-07-17,RBLBANK,EQ,2017-07-17,540.75,542.0,545.0,519.75,524.15,529.45,534.63,1232430,658895570.0,15498,707363,57.4,7,2017,526.7167966810787,-2.0896902450300403,Negative
2017-07-18,RBLBANK,EQ,2017-07-18,529.45,522.6,526.5,517.35,521.5,521.45,522.43,1388550,725421001.05,29365,723514,52.11,7,2017,526.6151411710852,-1.5110019831901078,Negative
2017-07-19,RBLBANK,EQ,2017-07-19,521.45,523.95,541.3,522.05,540.5,537.6,531.85,1884008,1002004913.9,23524,882459,46.84,7,2017,526.8954734161559,3.0971329945344683,Among top gainers
2017-07-20,RBLBANK,EQ,2017-07-20,537.6,542.5,547.0,536.0,538.5,539.45,541.99,2053946,1113222986.35,28463,804298,39.16,7,2017,527.2353078484741,0.3441220238095344,Slight or no change
2017-07-21,RBLBANK,EQ,2017-07-21,539.45,540.0,544.5,528.0,532.0,532.35,535.27,2057774,1101454585.45,26277,454476,22.09,7,2017,527.3703515632612,-1.316155343405323,Negative
2017-07-24,RBLBANK,EQ,2017-07-24,532.35,531.8,538.7,522.5,524.1,524.25,530.02,865534,458748266.8,14958,359042,41.48,7,2017,527.3360788605672,-1.5215553677092153,Negative
2017-07-25,RBLBANK,EQ,2017-07-25,524.25,528.0,530.75,524.45,529.65,529.1,528.88,680352,359821219.0,11114,279233,41.04,7,2017,527.3511775784943,0.9251311397234119,Slight positive
2017-07-26,RBLBANK,EQ,2017-07-26,529.1,530.0,530.5,525.05,528.5,528.3,528.81,781054,413029378.45,17835,448762,57.46,7,2017,527.3604106539659,-0.15120015120015928,Slight or no change
2017-07-27,RBLBANK,EQ,2017-07-27,528.3,529.6,544.0,517.85,533.7,538.2,534.11,3193974,1705933978.5,26325,1592562,49.86,7,2017,527.7752476759049,1.873935264054527,Positive
2017-07-28,RBLBANK,EQ,2017-07-28,538.2,533.0,539.8,528.0,532.4,534.45,534.48,723003,386431517.4,11252,256656,35.5,7,2017,527.832575099288,-0.6967670011148286,Slight negative
2017-07-31,RBLBANK,EQ,2017-07-31,534.45,533.0,538.5,528.0,535.85,534.75,534.41,830068,443596666.2,12545,327957,39.51,7,2017,527.9001186501821,0.056132472635406216,Slight or no change
2017-08-01,RBLBANK,EQ,2017-08-01,534.75,537.85,539.5,527.0,531.85,530.45,533.3,1033386,551109788.3,18622,518068,50.13,8,2017,527.930742577432,-0.8041140719962536,Slight negative
2017-08-02,RBLBANK,EQ,2017-08-02,530.45,531.95,535.75,526.35,526.55,527.4,532.0,1033249,549684640.45,15778,606276,58.68,8,2017,527.9244448600767,-0.5749835045716023,Slight negative
2017-08-03,RBLBANK,EQ,2017-08-03,527.4,526.55,531.2,515.0,519.0,517.35,522.65,914352,477889310.85,13596,429479,46.97,8,2017,527.8145623099047,-1.9055745164960114,Negative
2017-08-04,RBLBANK,EQ,2017-08-04,517.35,519.0,519.0,508.5,514.0,515.05,513.67,1116067,573285327.65,17628,546527,48.97,8,2017,527.6546874844288,-0.4445733062723667,Slight or no change
2017-08-07,RBLBANK,EQ,2017-08-07,515.05,518.7,523.35,517.0,520.0,519.45,520.59,582059,303012319.25,8389,269037,46.22,8,2017,527.6014416884594,0.8542859916513157,Slight positive
2017-08-08,RBLBANK,EQ,2017-08-08,519.45,521.85,522.0,506.2,511.0,511.8,513.27,954207,489761576.0,12301,426038,44.65,8,2017,527.4351005960162,-1.4727115218019171,Negative
2017-08-09,RBLBANK,EQ,2017-08-09,511.8,512.4,512.4,493.2,495.0,497.2,501.93,1320783,662934898.15,27789,690071,52.25,8,2017,527.0008697723235,-2.852676826885503,Negative
2017-08-10,RBLBANK,EQ,2017-08-10,497.2,499.7,505.0,482.35,492.0,490.35,494.94,1507305,746021460.75,33173,579361,38.44,8,2017,526.4098489215522,-1.3777152051488217,Negative
2017-08-11,RBLBANK,EQ,2017-08-11,490.35,477.0,498.95,474.95,490.05,490.3,486.9,1164361,566927147.75,16991,407660,35.01,8,2017,525.9655715275891,-0.010196798205364122,Slight or no change
2017-08-14,RBLBANK,EQ,2017-08-14,490.3,492.8,501.9,490.6,498.0,497.75,497.59,673664,335211736.35,15663,259143,38.47,8,2017,525.7661405851387,1.5194778706914214,Positive
2017-08-16,RBLBANK,EQ,2017-08-16,497.75,499.05,526.7,499.0,525.15,523.9,514.18,1816633,934076504.6,61636,829814,45.68,8,2017,525.7312368370644,5.253641386238073,Among top gainers
2017-08-17,RBLBANK,EQ,2017-08-17,523.9,526.0,527.0,513.7,517.1,516.95,518.28,1199659,621763302.5,30756,495857,41.33,8,2017,525.6240990426887,-1.3265890437106242,Negative
2017-08-18,RBLBANK,EQ,2017-08-18,516.95,514.8,529.5,506.0,527.4,527.25,523.82,2050151,1073903077.05,47317,911055,44.44,8,2017,525.6573073709872,1.9924557500725415,Positive
2017-08-21,RBLBANK,EQ,2017-08-21,527.25,528.95,529.8,503.5,507.5,506.8,515.77,1252384,645937873.75,18771,488106,38.97,8,2017,525.4249271443805,-3.8786154575628284,Among top losers
2017-08-22,RBLBANK,EQ,2017-08-22,506.8,508.8,513.7,500.0,501.5,501.65,505.9,1007123,509500612.55,19477,344983,34.25,8,2017,525.1916344674224,-1.0161799526440474,Negative
2017-08-23,RBLBANK,EQ,2017-08-23,501.65,506.0,512.85,504.0,508.6,509.15,508.81,609202,309965374.05,9075,184800,30.33,8,2017,525.0969804222095,1.4950662812718063,Positive
2017-08-24,RBLBANK,EQ,2017-08-24,509.15,508.45,514.8,506.35,510.7,510.2,510.59,786616,401641372.5,16626,255435,32.47,8,2017,524.9843400797139,0.20622606304625535,Slight or no change
2017-08-28,RBLBANK,EQ,2017-08-28,510.2,513.0,519.4,507.4,515.6,511.0,514.03,1302075,669309174.1,17550,467714,35.92,8,2017,524.8114743195891,0.1568012544100439,Slight or no change
2017-08-29,RBLBANK,EQ,2017-08-29,511.0,506.0,541.5,506.0,532.0,531.55,531.65,12629633,6714552445.0,106731,5258193,41.63,8,2017,525.5329257580728,4.021526418786681,Among top gainers
2017-08-30,RBLBANK,EQ,2017-08-30,531.55,537.5,542.5,528.8,536.0,537.55,535.64,5238763,2806085208.4,41976,2995296,57.18,8,2017,526.04391055894,1.128774339196692,Positive
2017-08-31,RBLBANK,EQ,2017-08-31,537.55,538.0,546.8,532.55,544.0,544.6,540.94,5131679,2775933413.25,40524,2959474,57.67,8,2017,526.7859100537963,1.3115059064273238,Positive
2017-09-01,RBLBANK,EQ,2017-09-01,544.6,544.0,548.5,531.95,535.6,535.35,541.84,2021850,1095526540.8,23411,982125,48.58,9,2017,526.9187409297921,-1.6984943077488102,Negative
2017-09-04,RBLBANK,EQ,2017-09-04,535.35,535.6,539.7,525.25,533.5,534.05,532.33,1234312,657066794.35,18053,350068,28.36,9,2017,526.9856318483228,-0.24283179228543617,Slight or no change
2017-09-05,RBLBANK,EQ,2017-09-05,534.05,536.85,543.5,535.1,536.2,537.35,539.38,1103951,595449409.45,26015,419085,37.96,9,2017,527.0718582758911,0.6179196704428458,Slight positive
2017-09-06,RBLBANK,EQ,2017-09-06,537.35,533.35,542.95,533.0,539.25,539.6,539.95,1818960,982150554.2,29826,1089138,59.88,9,2017,527.2412704986311,0.41872150367543437,Slight or no change
2017-09-07,RBLBANK,EQ,2017-09-07,539.6,542.0,542.9,529.75,532.85,533.15,535.19,1958539,1048181513.05,22816,1115188,56.94,9,2017,527.3260680766044,-1.1953298739807328,Negative
2017-09-08,RBLBANK,EQ,2017-09-08,533.15,535.0,539.0,531.7,535.9,537.0,535.12,1036368,554585410.2,9770,625815,60.39,9,2017,527.3989783220642,0.722123229860272,Slight positive
2017-09-11,RBLBANK,EQ,2017-09-11,537.0,539.0,543.4,532.95,536.0,535.75,540.37,1777508,960512354.75,27109,1005269,56.55,9,2017,527.505550723759,-0.2327746741154546,Slight or no change
2017-09-12,RBLBANK,EQ,2017-09-12,535.75,537.0,541.7,536.0,540.0,539.9,539.72,1150877,621149867.65,18951,694887,60.38,9,2017,527.6071231948306,0.7746150256649598,Slight positive
2017-09-13,RBLBANK,EQ,2017-09-13,539.9,540.0,544.4,530.6,535.1,534.0,539.45,1696380,915119286.9,19811,819523,48.31,9,2017,527.6834232399021,-1.092794962029997,Negative
2017-09-14,RBLBANK,EQ,2017-09-14,534.0,535.5,539.4,530.55,531.75,531.7,533.65,951570,507801074.25,9018,492489,51.76,9,2017,527.7101351070946,-0.430711610486878,Slight or no change
2017-09-15,RBLBANK,EQ,2017-09-15,531.7,530.0,534.7,525.15,530.0,532.0,530.35,1309136,694300790.8,21771,736479,56.26,9,2017,527.7490289048628,0.05642279480908563,Slight or no change
2017-09-18,RBLBANK,EQ,2017-09-18,532.0,532.75,540.25,532.75,535.75,537.45,537.81,897683,482786145.5,14547,472328,52.62,9,2017,527.8089663971716,1.0244360902255778,Positive
2017-09-19,RBLBANK,EQ,2017-09-19,537.45,537.5,539.0,534.0,534.75,535.1,535.85,407337,218270506.25,6568,175629,43.12,9,2017,527.8293503046096,-0.4372499767420268,Slight or no change
2017-09-20,RBLBANK,EQ,2017-09-20,535.1,535.0,536.8,529.0,529.9,530.85,531.86,614057,326593558.5,7983,295595,48.14,9,2017,527.8420276116829,-0.7942440665296258,Slight negative
2017-09-21,RBLBANK,EQ,2017-09-21,530.85,530.1,535.5,523.45,534.65,533.2,529.82,1276036,676073902.2,14795,604965,47.41,9,2017,527.888352050852,0.44268625788830285,Slight or no change
2017-09-22,RBLBANK,EQ,2017-09-22,533.2,531.95,531.95,515.25,518.0,517.15,522.02,1040179,542991075.7,14058,420911,40.47,9,2017,527.8131997299046,-3.010127531882978,Among top losers
2017-09-25,RBLBANK,EQ,2017-09-25,517.15,510.25,517.5,497.0,510.0,511.65,507.22,1403714,711996622.85,24790,462461,32.95,9,2017,527.6619758985236,-1.063521222082564,Negative
2017-09-26,RBLBANK,EQ,2017-09-26,511.65,516.95,517.0,505.35,509.6,510.25,509.59,894886,456027364.95,17453,408264,45.62,9,2017,527.5587360555584,-0.2736245480308708,Slight or no change
2017-09-27,RBLBANK,EQ,2017-09-27,510.25,517.6,517.6,498.75,500.95,500.9,507.33,1335998,677790138.75,15795,816662,61.13,9,2017,527.3248256709792,-1.8324350808427314,Negative
2017-09-28,RBLBANK,EQ,2017-09-28,500.9,503.1,511.9,496.65,501.0,503.45,504.3,2160072,1089325215.35,33858,1364856,63.19,9,2017,526.9908654098768,0.5090836494310302,Slight positive
2017-09-29,RBLBANK,EQ,2017-09-29,503.45,503.5,510.0,503.5,508.0,506.95,506.5,1130974,572837254.05,13319,698012,61.72,9,2017,526.84515642434,0.6952030986195235,Slight positive
2017-10-03,RBLBANK,EQ,2017-10-03,506.95,510.1,513.3,509.0,510.9,510.05,510.04,966414,492910980.2,14902,723249,74.84,10,2017,526.7414573898203,0.6115001479435778,Slight positive
2017-10-04,RBLBANK,EQ,2017-10-04,510.05,512.0,513.5,509.0,509.0,509.9,510.81,922644,471296594.55,9766,634919,68.82,10,2017,526.6427638421582,-0.029408881482217986,Slight or no change
2017-10-05,RBLBANK,EQ,2017-10-05,509.9,512.85,516.05,510.65,512.5,512.65,513.21,1056380,542143801.35,13010,686997,65.03,10,2017,526.5495040586814,0.5393214355756015,Slight positive
2017-10-06,RBLBANK,EQ,2017-10-06,512.65,513.0,517.8,512.55,517.0,516.0,515.37,1118205,576286297.85,6802,866534,77.49,10,2017,526.4755995310736,0.6534672778699013,Slight positive
2017-10-09,RBLBANK,EQ,2017-10-09,516.0,517.0,520.25,514.0,519.0,518.15,518.07,668469,346312074.6,6711,335635,50.21,10,2017,526.4408779601245,0.4166666666666652,Slight or no change
2017-10-10,RBLBANK,EQ,2017-10-10,518.15,519.85,520.5,515.15,516.6,516.55,518.6,707404,366858394.85,8959,461283,65.21,10,2017,526.3974176873461,-0.3087908906687309,Slight or no change
2017-10-11,RBLBANK,EQ,2017-10-11,516.55,516.65,521.1,508.0,508.4,509.0,516.53,1451859,749927105.4,12425,885763,61.01,10,2017,526.2419284359581,-1.4616203658890603,Negative
2017-10-12,RBLBANK,EQ,2017-10-12,509.0,511.9,519.0,508.5,516.3,516.55,514.12,1046834,538199271.1,9026,601907,57.5,10,2017,526.1798716243562,1.4833005893909457,Positive
2017-10-13,RBLBANK,EQ,2017-10-13,516.55,517.3,524.85,515.1,518.25,517.5,520.25,1119886,582619416.35,9976,618887,55.26,10,2017,526.1208210824783,0.18391249637015328,Slight or no change
2017-10-16,RBLBANK,EQ,2017-10-16,517.5,520.95,523.0,518.3,521.5,521.2,521.09,915908,477268021.75,9014,608866,66.48,10,2017,526.0935930367235,0.7149758454106259,Slight positive
2017-10-17,RBLBANK,EQ,2017-10-17,521.2,524.4,524.4,519.75,522.5,521.85,522.01,1367033,713610559.3,10894,1121040,82.01,10,2017,526.0588339914295,0.12471220260936722,Slight or no change
2017-10-18,RBLBANK,EQ,2017-10-18,521.85,521.25,526.75,516.0,523.0,522.25,522.21,1485776,775884144.15,8821,1109346,74.66,10,2017,526.0252253212375,0.07665037846122935,Slight or no change
2017-10-19,RBLBANK,EQ,2017-10-19,522.25,526.0,526.5,517.1,520.0,521.0,523.03,354170,185243169.05,5214,224795,63.47,10,2017,526.0146775493292,-0.23934897079942452,Slight or no change
2017-10-23,RBLBANK,EQ,2017-10-23,521.0,523.65,531.9,521.65,526.0,527.55,526.17,1429682,752259696.0,15910,841585,58.87,10,2017,526.0275769113066,1.2571976967370446,Positive
2017-10-24,RBLBANK,EQ,2017-10-24,527.55,529.0,538.5,525.5,534.5,536.15,532.71,1815137,966941495.95,15875,1249678,68.85,10,2017,526.1344122740409,1.630177234385366,Positive
2017-10-25,RBLBANK,EQ,2017-10-25,536.15,541.9,552.0,516.65,524.1,524.4,534.73,2290747,1224927232.6,24311,828214,36.15,10,2017,526.111613890144,-2.1915508719574706,Negative
2017-10-26,RBLBANK,EQ,2017-10-26,524.4,531.8,544.45,521.85,530.6,530.55,533.66,4143408,2211189140.6,41484,1362941,32.89,10,2017,526.2146887100333,1.172768878718533,Positive
2017-10-27,RBLBANK,EQ,2017-10-27,530.55,535.0,535.5,520.5,520.95,524.35,530.26,1645562,872567587.2,39009,1090620,66.28,10,2017,526.1976473933296,-1.1685986240693502,Negative
2017-10-30,RBLBANK,EQ,2017-10-30,524.35,524.8,532.5,521.2,525.1,525.05,526.4,1529946,805360984.5,40239,874738,57.17,10,2017,526.1879781479522,0.13349861733573665,Slight or no change
2017-10-31,RBLBANK,EQ,2017-10-31,525.05,525.95,528.55,522.8,525.1,525.4,525.16,669354,351518592.3,11557,374951,56.02,10,2017,526.1850842704495,0.06666031806494832,Slight or no change
2017-11-01,RBLBANK,EQ,2017-11-01,525.4,527.0,530.2,525.1,526.1,526.1,528.06,686031,362265003.45,13981,447137,65.18,11,2017,526.1847652110853,0.13323182337268147,Slight or no change
2017-11-02,RBLBANK,EQ,2017-11-02,526.1,526.1,528.15,522.55,523.9,523.15,525.33,519923,273129750.4,11140,340398,65.47,11,2017,526.1761649802884,-0.5607298992587051,Slight negative
2017-11-03,RBLBANK,EQ,2017-11-03,523.15,524.0,526.0,518.5,518.5,519.75,522.11,1424357,743664423.9,12383,1110263,77.95,11,2017,526.1266589590261,-0.6499092038612209,Slight negative
2017-11-06,RBLBANK,EQ,2017-11-06,519.75,517.0,528.7,515.5,518.5,518.25,521.06,809343,421717324.1,17444,345490,42.69,11,2017,526.0923296543125,-0.28860028860029363,Slight or no change
2017-11-07,RBLBANK,EQ,2017-11-07,518.25,518.1,521.4,513.0,514.85,515.15,516.34,604596,312177212.3,8788,281843,46.62,11,2017,526.0568194032847,-0.598166907863007,Slight negative
2017-11-08,RBLBANK,EQ,2017-11-08,515.15,515.0,518.5,506.2,508.2,508.35,510.91,826297,422162677.15,14368,376831,45.6,11,2017,525.9786325956978,-1.3200038823643512,Negative
2017-11-09,RBLBANK,EQ,2017-11-09,508.35,510.65,514.4,508.95,512.0,510.55,510.42,787524,401971794.6,16813,439284,55.78,11,2017,525.9139743201501,0.4327726959771683,Slight or no change
2017-11-10,RBLBANK,EQ,2017-11-10,510.55,509.0,515.0,506.65,509.1,509.75,510.05,617884,315150380.6,10172,291341,47.15,11,2017,525.861000372307,-0.15669376162962267,Slight or no change
2017-11-13,RBLBANK,EQ,2017-11-13,509.75,509.95,516.0,508.65,510.15,510.05,511.42,529051,270568417.55,15389,288450,54.52,11,2017,525.8167571086948,0.05885237861698034,Slight or no change
2017-11-14,RBLBANK,EQ,2017-11-14,510.05,510.1,514.3,508.4,510.4,510.15,511.22,390425,199594966.9,7091,176228,45.14,11,2017,525.7844713433067,0.01960592098813052,Slight or no change
2017-11-15,RBLBANK,EQ,2017-11-15,510.15,510.15,512.0,504.2,507.35,507.3,508.0,765441,388841356.25,52711,450317,58.83,11,2017,525.7100903458473,-0.5586592178770888,Slight negative
2017-11-16,RBLBANK,EQ,2017-11-16,507.3,509.0,510.95,505.3,507.3,507.65,507.93,549142,278925654.15,27753,288845,52.6,11,2017,525.6581032119535,0.06899270648530464,Slight or no change
2017-11-17,RBLBANK,EQ,2017-11-17,507.65,512.0,517.0,509.7,510.05,511.25,512.64,703589,360686114.25,8486,352976,50.17,11,2017,525.6051590176025,0.7091500049246635,Slight positive
2017-11-20,RBLBANK,EQ,2017-11-20,511.25,513.95,516.8,512.55,515.15,514.9,514.87,653670,336555329.85,13705,361910,55.37,11,2017,525.5687369953952,0.7139364303178519,Slight positive
2017-11-21,RBLBANK,EQ,2017-11-21,514.9,515.2,515.5,510.1,512.0,511.95,512.93,498428,255658964.35,10744,233227,46.79,11,2017,525.5334977641517,-0.5729267818993966,Slight negative
2017-11-22,RBLBANK,EQ,2017-11-22,511.95,513.95,514.45,505.1,507.0,506.85,508.45,620068,315273584.35,21138,380655,61.39,11,2017,525.4735478040535,-0.9961910342806801,Slight negative
2017-11-23,RBLBANK,EQ,2017-11-23,506.85,508.0,511.9,504.55,508.0,507.9,509.13,818649,416795663.3,20099,427916,52.27,11,2017,525.3994146203468,0.20716188221365783,Slight or no change
2017-11-24,RBLBANK,EQ,2017-11-24,507.9,513.2,525.9,510.55,512.1,512.6,516.86,2705419,1398318703.35,30680,986949,36.48,11,2017,525.223432931347,0.9253790116164673,Slight positive
2017-11-27,RBLBANK,EQ,2017-11-27,512.6,513.45,518.9,508.4,514.95,515.1,514.55,851241,438009707.9,16651,357071,41.95,11,2017,525.1798267117689,0.48770971517753114,Slight or no change
2017-11-28,RBLBANK,EQ,2017-11-28,515.1,515.75,523.3,514.65,520.5,521.4,519.57,1072359,557163367.05,20680,585992,54.65,11,2017,525.159426723419,1.2230634828188647,Positive
2017-11-29,RBLBANK,EQ,2017-11-29,521.4,523.0,525.9,518.6,520.8,521.05,522.92,1269659,663930945.8,19224,807971,63.64,11,2017,525.1333339750373,-0.06712696586115285,Slight or no change
2017-11-30,RBLBANK,EQ,2017-11-30,521.05,518.0,523.0,513.95,519.5,516.75,518.14,1293861,670399215.65,20040,872604,67.44,11,2017,525.0794381875348,-0.8252566932156147,Slight negative
2017-12-01,RBLBANK,EQ,2017-12-01,516.75,518.7,529.75,517.5,519.6,520.65,524.9,1754302,920832536.65,36304,683236,38.95,12,2017,525.0411615128098,0.7547169811320753,Slight positive
2017-12-04,RBLBANK,EQ,2017-12-04,520.65,520.7,522.65,507.0,512.6,511.6,512.62,809405,414914799.9,15771,371079,45.85,12,2017,524.9877843129328,-1.7382118505713917,Negative
2017-12-05,RBLBANK,EQ,2017-12-05,511.6,511.6,512.15,505.3,510.0,510.45,508.9,550003,279897365.35,15612,195407,35.53,12,2017,524.9486600624638,-0.22478498827209759,Slight or no change
2017-12-06,RBLBANK,EQ,2017-12-06,510.45,509.1,513.4,506.7,508.65,509.65,510.32,700531,357492789.0,17942,383437,54.74,12,2017,524.8963991012267,-0.15672445881085295,Slight or no change
2017-12-07,RBLBANK,EQ,2017-12-07,509.65,508.5,515.0,508.5,510.95,510.8,511.77,608800,311562759.65,17074,252050,41.4,12,2017,524.8546745113683,0.22564505052486972,Slight or no change
2017-12-08,RBLBANK,EQ,2017-12-08,510.8,512.0,516.7,511.65,513.5,513.95,514.06,373586,192046176.5,9293,185492,49.65,12,2017,524.8349037028667,0.6166797180892747,Slight positive
2017-12-11,RBLBANK,EQ,2017-12-11,513.95,515.0,518.7,512.0,514.95,514.05,514.89,597996,307901891.45,17962,337004,56.36,12,2017,524.8036948993253,0.0194571456367143,Slight or no change
2017-12-12,RBLBANK,EQ,2017-12-12,514.05,515.0,515.2,508.0,510.7,510.4,510.52,623576,318348840.65,12720,386997,62.06,12,2017,524.7603620397409,-0.7100476607333928,Slight negative
2017-12-13,RBLBANK,EQ,2017-12-13,510.4,510.0,511.9,506.3,507.5,508.5,509.87,2073910,1057415420.1,15062,1754298,84.59,12,2017,524.5992787942715,-0.3722570532915359,Slight or no change
2017-12-14,RBLBANK,EQ,2017-12-14,508.5,511.0,511.0,501.5,509.0,508.25,506.95,1128295,571987662.2,36025,754902,66.91,12,2017,524.511635811706,-0.0491642084562427,Slight or no change
2017-12-15,RBLBANK,EQ,2017-12-15,508.25,512.0,513.0,508.75,509.1,509.7,509.96,872437,444905794.1,13305,677239,77.63,12,2017,524.450494249138,0.28529267092964883,Slight or no change
2017-12-18,RBLBANK,EQ,2017-12-18,509.7,509.5,511.9,497.75,508.0,507.0,508.07,935339,475213265.75,14062,509904,54.52,12,2017,524.3736062691884,-0.5297233666862855,Slight negative
2017-12-19,RBLBANK,EQ,2017-12-19,507.0,509.95,519.35,508.2,518.0,517.45,512.48,2306811,1182193672.15,13938,1755685,76.11,12,2017,524.2991789794119,2.0611439842209256,Positive
2017-12-20,RBLBANK,EQ,2017-12-20,517.45,520.0,523.75,514.3,516.3,516.3,519.3,737003,382723621.45,7290,357512,48.51,12,2017,524.2718002372685,-0.22224369504301178,Slight or no change
2017-12-21,RBLBANK,EQ,2017-12-21,516.3,515.15,519.85,512.6,515.2,515.8,515.88,596680,307814693.55,6998,321993,53.96,12,2017,524.2483895462358,-0.09684292078249168,Slight or no change
2017-12-22,RBLBANK,EQ,2017-12-22,515.8,517.0,518.5,511.3,516.0,515.4,514.43,678570,349073895.7,4376,488754,72.03,12,2017,524.2206695445109,-0.07754943776656642,Slight or no change
2017-12-26,RBLBANK,EQ,2017-12-26,515.4,514.0,520.0,513.0,516.55,517.1,517.55,606345,313813804.0,5787,297873,49.13,12,2017,524.2007920811982,0.3298409002716385,Slight or no change
2017-12-27,RBLBANK,EQ,2017-12-27,517.1,519.4,519.4,510.0,510.35,513.85,515.83,417580,215401138.3,5497,231811,55.51,12,2017,524.1809311555414,-0.6285051247340911,Slight negative
2017-12-28,RBLBANK,EQ,2017-12-28,513.85,510.5,514.75,506.0,506.9,507.4,509.37,525011,267423987.0,10150,278067,52.96,12,2017,524.1405457706405,-1.2552301255230214,Negative
2017-12-29,RBLBANK,EQ,2017-12-29,507.4,508.85,511.1,507.85,510.5,510.1,510.06,378997,193310723.4,9705,234106,61.77,12,2017,524.1161953939862,0.5321245565628852,Slight positive
2018-01-01,RBLBANK,EQ,2018-01-01,510.1,510.0,513.8,508.95,510.05,510.0,511.18,469078,239782858.45,19633,326423,69.59,1,2018,524.0859598746113,-0.01960399921584477,Slight or no change
2018-01-02,RBLBANK,EQ,2018-01-02,510.0,510.9,513.4,508.15,513.4,511.65,510.21,616196,314390716.6,27801,446825,72.51,1,2018,524.0510673295972,0.3235294117647003,Slight or no change
2018-01-03,RBLBANK,EQ,2018-01-03,511.65,513.4,516.8,509.0,514.9,514.9,513.96,1510019,776096099.3,27502,1146682,75.94,1,2018,523.988577007413,0.6351998436431083,Slight positive
2018-01-04,RBLBANK,EQ,2018-01-04,514.9,519.85,519.85,510.7,516.0,517.4,514.45,845849,435147927.95,18803,617837,73.04,1,2018,523.9634705761825,0.4855311711011945,Slight or no change
2018-01-05,RBLBANK,EQ,2018-01-05,517.4,519.0,542.0,515.55,540.5,539.7,533.2,4365631,2327744914.3,43979,2183714,50.02,1,2018,524.2669980128728,4.310011596443775,Among top gainers
2018-01-08,RBLBANK,EQ,2018-01-08,539.7,543.95,550.0,540.25,545.15,545.45,545.65,1731320,944693831.1,35293,766413,44.27,1,2018,524.4278022303271,1.06540670743005,Positive
2018-01-09,RBLBANK,EQ,2018-01-09,545.45,546.8,547.1,533.6,537.5,538.9,541.26,826546,447377495.95,26867,387353,46.86,1,2018,524.4800614619325,-1.2008433403611796,Negative
2018-01-10,RBLBANK,EQ,2018-01-10,538.9,538.7,540.2,527.6,528.4,529.5,530.88,1222398,648945940.75,10763,914002,74.77,1,2018,524.5067275553398,-1.7442939320838735,Negative
2018-01-11,RBLBANK,EQ,2018-01-11,529.5,529.1,542.4,529.05,533.5,533.6,536.8,1990560,1068535311.45,53061,1139202,57.23,1,2018,524.5847111560847,0.7743153918791323,Slight positive
2018-01-12,RBLBANK,EQ,2018-01-12,533.6,536.8,539.35,526.35,530.3,530.75,532.51,831501,442780319.2,25378,424987,51.11,1,2018,524.60671867015,-0.534107946026996,Slight negative
2018-01-15,RBLBANK,EQ,2018-01-15,530.75,529.55,537.25,529.55,530.0,530.6,533.2,604395,322261970.5,10453,291075,48.16,1,2018,524.6222287822474,-0.028261893546865924,Slight or no change
2018-01-16,RBLBANK,EQ,2018-01-16,530.6,530.0,532.3,518.2,522.7,522.7,524.23,795236,416889389.35,19042,407102,51.19,1,2018,524.6157056793638,-1.4888805126272109,Negative
2018-01-17,RBLBANK,EQ,2018-01-17,522.7,524.0,530.9,520.0,525.55,525.5,525.97,593309,312064537.7,8393,187944,31.68,1,2018,524.6179389056108,0.5356801224411623,Slight positive
2018-01-18,RBLBANK,EQ,2018-01-18,525.5,537.4,540.0,522.9,526.95,526.3,530.39,1011562,536521464.55,17056,349634,34.56,1,2018,524.6251503669608,0.15223596574689413,Slight or no change
2018-01-19,RBLBANK,EQ,2018-01-19,526.3,528.5,534.75,518.7,524.1,523.3,526.24,1237585,651263356.35,15476,572026,46.22,1,2018,524.6182359241707,-0.5700171005130206,Slight negative
2018-01-22,RBLBANK,EQ,2018-01-22,523.3,526.0,531.9,521.65,531.9,530.65,527.39,644170,339729408.55,11275,289079,44.88,1,2018,524.6345733609304,1.4045480603860128,Positive
2018-01-23,RBLBANK,EQ,2018-01-23,530.65,534.95,543.9,532.1,540.0,536.7,538.76,2687655,1448001306.25,30656,1127021,41.93,1,2018,524.7693997465667,1.1401111843964973,Positive
2018-01-24,RBLBANK,EQ,2018-01-24,536.7,535.0,536.0,500.15,514.9,514.2,518.88,2983717,1548199638.5,47604,1467507,49.18,1,2018,524.6398871171732,-4.192286193404138,Among top losers
2018-01-25,RBLBANK,EQ,2018-01-25,514.2,513.5,518.0,508.95,511.45,510.4,512.69,1114257,571269382.8,17058,490053,43.98,1,2018,524.5750216916553,-0.7390120575651582,Slight negative
2018-01-29,RBLBANK,EQ,2018-01-29,510.4,513.45,514.15,502.9,504.8,504.85,507.83,753974,382891445.85,18572,419747,55.67,1,2018,524.5144096884646,-1.0873824451410607,Negative
2018-01-30,RBLBANK,EQ,2018-01-30,504.85,502.25,508.0,496.1,501.1,504.55,502.37,1284248,645162899.95,23392,710540,55.33,1,2018,524.4104600506704,-0.059423591165697065,Slight or no change
2018-01-31,RBLBANK,EQ,2018-01-31,504.55,500.45,505.3,499.15,504.5,503.5,502.53,713984,358797163.0,19402,417743,58.51,1,2018,524.3501049007776,-0.20810623327718325,Slight or no change
2018-02-01,RBLBANK,EQ,2018-02-01,503.5,505.5,511.5,492.45,504.0,504.6,504.26,1062229,535643820.1,32062,420484,39.59,2,2018,524.265656995889,0.21847070506455513,Slight or no change
2018-02-02,RBLBANK,EQ,2018-02-02,504.6,500.0,500.0,479.0,482.75,482.75,489.92,1515876,742664500.5,60057,880763,58.1,2,2018,524.0138690456274,-4.330162504954426,Among top losers
2018-02-05,RBLBANK,EQ,2018-02-05,482.75,480.0,488.9,452.55,484.65,485.2,478.06,1331382,636476630.2,30613,622353,46.74,2,2018,523.8082128818139,0.5075090626618373,Slight positive
2018-02-06,RBLBANK,EQ,2018-02-06,485.2,461.0,478.9,455.0,471.5,474.6,470.29,1797966,845565634.15,39976,905490,50.36,2,2018,523.4586102466135,-2.184666117065126,Negative
2018-02-07,RBLBANK,EQ,2018-02-07,474.6,481.0,487.8,470.0,477.0,480.75,476.66,1598663,762011203.3,31236,827213,51.74,2,2018,523.1905124942032,1.2958280657395571,Positive
2018-02-08,RBLBANK,EQ,2018-02-08,480.75,480.75,492.35,476.05,486.55,484.9,484.87,1152396,558766151.7,18340,596352,51.75,2,2018,523.0180268465703,0.8632345293811738,Slight positive
2018-02-09,RBLBANK,EQ,2018-02-09,484.9,476.45,485.45,469.55,482.4,482.35,481.16,1028174,494721284.05,31707,566111,55.06,2,2018,522.8552330711137,-0.525881625077329,Slight negative
2018-02-12,RBLBANK,EQ,2018-02-12,482.35,485.0,489.7,480.0,484.8,484.8,483.86,956276,462707792.95,17468,517003,54.06,2,2018,522.7140762686702,0.5079299264019843,Slight positive
2018-02-14,RBLBANK,EQ,2018-02-14,484.8,492.0,492.0,482.4,483.0,483.65,485.96,946063,459752520.55,18669,653883,69.12,2,2018,522.5712490443277,-0.23721122112212445,Slight or no change
2018-02-15,RBLBANK,EQ,2018-02-15,483.65,484.45,485.5,476.0,481.0,480.8,482.24,902127,435041823.55,15880,526342,58.34,2,2018,522.4261224453098,-0.5892690995554561,Slight negative
2018-02-16,RBLBANK,EQ,2018-02-16,480.8,481.1,486.1,473.6,477.4,476.45,481.02,909124,437306877.8,17760,457594,50.33,2,2018,522.2657094994829,-0.9047420965058284,Slight negative
2018-02-19,RBLBANK,EQ,2018-02-19,476.45,476.5,478.5,470.05,473.9,473.85,473.06,533683,252462876.75,12003,239354,44.85,2,2018,522.1667482845996,-0.5457025920873049,Slight negative
2018-02-20,RBLBANK,EQ,2018-02-20,473.85,472.0,477.6,470.5,471.65,471.65,472.78,403703,190861083.25,5647,172123,42.64,2,2018,522.0887613700309,-0.46428194576343396,Slight or no change
2018-02-21,RBLBANK,EQ,2018-02-21,471.65,473.0,474.5,460.55,470.0,470.85,466.03,821992,383074293.1,22324,415328,50.53,2,2018,521.9282049812301,-0.1696173009646862,Slight or no change
2018-02-22,RBLBANK,EQ,2018-02-22,470.85,470.4,474.35,467.15,470.0,469.85,469.98,713039,335117106.45,14502,367421,51.53,2,2018,521.7870319338125,-0.21238186258893954,Slight or no change
2018-02-23,RBLBANK,EQ,2018-02-23,469.85,471.4,490.0,471.4,487.3,488.0,482.99,712961,344352203.65,14442,253130,35.5,2,2018,521.6956999785706,3.8629349792487,Among top gainers
2018-02-26,RBLBANK,EQ,2018-02-26,488.0,490.05,497.85,481.95,494.1,494.7,492.32,823736,405540478.1,15057,357587,43.41,2,2018,521.6116504429066,1.3729508196721252,Positive
2018-02-27,RBLBANK,EQ,2018-02-27,494.7,495.0,496.8,486.0,491.1,490.3,490.09,637796,312577704.6,11366,364100,57.09,2,2018,521.5363504808449,-0.8894279361228996,Slight negative
2018-02-28,RBLBANK,EQ,2018-02-28,490.3,485.0,493.15,483.5,491.0,490.2,489.25,666710,326185714.75,12770,314755,47.21,2,2018,521.4577722948911,-0.020395676116669037,Slight or no change
2018-03-01,RBLBANK,EQ,2018-03-01,490.2,492.0,495.0,483.5,483.5,485.05,487.57,513447,250342836.85,11879,146002,28.44,3,2018,521.3875995493769,-1.0505915952672362,Negative
2018-03-05,RBLBANK,EQ,2018-03-05,485.05,485.05,488.0,475.1,477.0,477.25,481.54,1343382,646890151.15,20804,782008,58.21,3,2018,521.1661359330883,-1.6080816410679377,Negative
2018-03-06,RBLBANK,EQ,2018-03-06,477.25,482.0,483.65,468.0,468.05,470.0,475.29,533420,253526740.3,11244,201965,37.86,3,2018,521.0643982914363,-1.5191199580932402,Negative
2018-03-07,RBLBANK,EQ,2018-03-07,470.0,470.0,470.0,452.05,453.2,453.7,456.44,1280681,584552039.15,52469,676082,52.79,3,2018,520.7443372461504,-3.4680851063829787,Among top losers
2018-03-08,RBLBANK,EQ,2018-03-08,453.7,458.0,458.0,443.3,454.45,455.45,450.73,1434046,646361454.2,50812,641016,44.7,3,2018,520.3987993953273,0.3857174344280345,Slight or no change
2018-03-09,RBLBANK,EQ,2018-03-09,455.45,457.7,462.85,453.25,455.5,456.3,456.94,556573,254318741.8,13565,227611,40.9,3,2018,520.2674167583784,0.18662860906795142,Slight or no change
2018-03-12,RBLBANK,EQ,2018-03-12,456.3,461.0,468.8,455.35,466.5,466.6,463.08,819085,379302368.1,17353,375898,45.89,3,2018,520.1060189783688,2.2572868726714823,Positive
2018-03-13,RBLBANK,EQ,2018-03-13,466.6,465.9,475.95,462.5,466.55,467.5,472.27,2994206,1414078470.7,23369,2274948,75.98,3,2018,519.533978707083,0.19288469781397755,Slight or no change
2018-03-14,RBLBANK,EQ,2018-03-14,467.5,466.0,475.0,462.0,471.25,472.1,470.52,2944991,1385662474.55,11594,2474895,84.04,3,2018,519.0320260410881,0.9839572192513524,Slight positive
2018-03-15,RBLBANK,EQ,2018-03-15,472.1,471.3,478.9,471.3,477.0,476.35,476.09,1085239,516673839.35,18038,828263,76.32,3,2018,518.8662318165108,0.900233001482742,Slight positive
2018-03-16,RBLBANK,EQ,2018-03-16,476.35,475.95,479.95,466.15,467.6,468.35,472.63,422240,199564024.25,8263,116248,27.53,3,2018,518.7900004975593,-1.6794373884748581,Negative
2018-03-19,RBLBANK,EQ,2018-03-19,468.35,468.0,471.75,460.0,463.0,463.1,463.9,784079,363736185.65,15285,423645,54.03,3,2018,518.6343806917903,-1.1209565495889806,Negative
2018-03-20,RBLBANK,EQ,2018-03-20,463.1,461.05,469.0,461.05,465.5,465.1,467.32,902018,421528263.45,16655,502115,55.67,3,2018,518.4628341701878,0.4318721658389091,Slight or no change
2018-03-21,RBLBANK,EQ,2018-03-21,465.1,469.35,470.15,461.3,462.2,462.1,463.15,754688,349532335.8,12869,436951,57.9,3,2018,518.3121278730146,-0.6450225757901551,Slight negative
2018-03-22,RBLBANK,EQ,2018-03-22,462.1,463.0,467.0,459.05,462.6,462.7,463.18,751828,348228667.6,24087,478031,63.58,3,2018,518.1643859196793,0.129842025535587,Slight or no change
2018-03-23,RBLBANK,EQ,2018-03-23,462.7,450.0,464.75,450.0,459.0,461.6,460.07,936292,430762297.15,27217,552853,59.05,3,2018,517.9778614822006,-0.23773503349902025,Slight or no change
2018-03-26,RBLBANK,EQ,2018-03-26,461.6,461.0,467.0,456.65,465.5,465.05,463.41,696905,322951867.8,12503,375877,53.94,3,2018,517.8482705460708,0.7474003466204415,Slight positive
2018-03-27,RBLBANK,EQ,2018-03-27,465.05,467.8,488.8,467.8,477.35,477.2,478.89,1464457,701317141.6,24829,770166,52.59,3,2018,517.6402019009488,2.6126222986775582,Positive
2018-03-28,RBLBANK,EQ,2018-03-28,477.2,476.9,490.0,466.15,475.0,479.85,477.63,2361632,1127987237.05,20695,1573174,66.61,3,2018,517.3308098626943,0.5553227158424212,Slight positive
2018-04-02,RBLBANK,EQ,2018-04-02,479.85,479.85,487.5,475.0,483.4,484.65,480.99,1791136,861515476.95,10439,1460226,81.53,4,2018,517.1291354874407,1.0003125976867588,Positive
2018-04-03,RBLBANK,EQ,2018-04-03,484.65,480.6,487.0,479.9,484.75,484.75,484.25,579155,280454250.5,10010,337825,58.33,4,2018,517.0646556861964,0.020633446817286405,Slight or no change
2018-04-04,RBLBANK,EQ,2018-04-04,484.75,486.45,499.95,486.0,487.5,489.15,495.0,1491424,738260111.6,24295,673343,45.15,4,2018,516.9222341791153,0.9076843733883289,Slight positive
2018-04-05,RBLBANK,EQ,2018-04-05,489.15,498.8,498.8,492.0,497.5,496.5,495.45,1257116,622836770.25,15956,962105,76.53,4,2018,516.8347847241199,1.502606562404174,Positive
2018-04-06,RBLBANK,EQ,2018-04-06,496.5,496.5,502.45,493.05,493.75,494.1,496.25,554890,275362070.95,6842,173974,31.35,4,2018,516.7918947129409,-0.483383685800598,Slight or no change
2018-04-09,RBLBANK,EQ,2018-04-09,494.1,495.25,503.0,492.8,495.5,496.05,497.83,1255675,625117238.05,12126,763482,60.8,4,2018,516.7037220432163,0.3946569520340004,Slight or no change
2018-04-10,RBLBANK,EQ,2018-04-10,496.05,496.5,502.85,494.35,501.0,501.0,500.06,1584810,792502748.3,18905,1066631,67.3,4,2018,516.6199181347447,0.9978832778953617,Slight positive
2018-04-11,RBLBANK,EQ,2018-04-11,501.0,505.0,510.0,500.55,505.0,505.05,506.55,955560,484039301.65,16398,421279,44.09,4,2018,516.5828092806931,0.8083832335329388,Slight positive
2018-04-12,RBLBANK,EQ,2018-04-12,505.05,505.4,506.85,498.05,499.1,499.95,502.31,425131,213548701.45,6313,157908,37.14,4,2018,516.5591087321387,-1.0098010098010146,Negative
2018-04-13,RBLBANK,EQ,2018-04-13,499.95,505.0,505.0,496.9,501.0,501.4,500.72,761212,381156912.6,6362,357402,46.95,4,2018,516.5205304691269,0.2900290029002939,Slight or no change
2018-04-16,RBLBANK,EQ,2018-04-16,501.4,498.95,512.25,498.75,512.0,510.0,507.58,549654,278995775.4,10754,229685,41.79,4,2018,516.5085702712068,1.715197447147987,Positive
2018-04-17,RBLBANK,EQ,2018-04-17,510.0,514.9,515.2,508.5,512.7,512.65,511.75,454736,232710491.9,8432,154982,34.08,4,2018,516.5027238074878,0.5196078431372486,Slight positive
2018-04-18,RBLBANK,EQ,2018-04-18,512.65,513.0,514.85,506.15,510.15,510.05,510.15,311527,158925675.75,6698,158300,50.81,4,2018,516.4960327354237,-0.5071686335706538,Slight negative
2018-04-19,RBLBANK,EQ,2018-04-19,510.05,512.0,512.5,507.5,508.0,508.9,509.55,482877,246051174.6,5457,356778,73.89,4,2018,516.4838433219209,-0.2254680913636009,Slight or no change
2018-04-20,RBLBANK,EQ,2018-04-20,508.9,508.0,509.3,501.0,508.0,507.35,504.71,304662,153764726.1,6937,137954,45.28,4,2018,516.4746050269358,-0.30457850265277475,Slight or no change
2018-04-23,RBLBANK,EQ,2018-04-23,507.35,508.0,510.5,501.1,502.0,502.45,505.37,556274,281124115.15,10198,301449,54.19,4,2018,516.4487527925318,-0.9658027003055181,Slight negative
2018-04-24,RBLBANK,EQ,2018-04-24,502.45,502.95,513.0,502.95,511.1,511.65,510.15,822689,419691321.95,14282,341156,41.47,4,2018,516.4357061008593,1.8310279629813797,Positive
2018-04-25,RBLBANK,EQ,2018-04-25,511.65,511.1,524.75,508.8,520.0,521.1,519.85,1444717,751042244.75,27846,658032,45.55,4,2018,516.457869504637,1.8469656992084582,Positive
2018-04-26,RBLBANK,EQ,2018-04-26,521.1,522.9,524.0,514.75,523.15,520.35,519.82,1091594,567435535.55,16248,562691,51.55,4,2018,516.4717933711781,-0.14392630972941411,Slight or no change
2018-04-27,RBLBANK,EQ,2018-04-27,520.35,526.3,545.0,526.3,540.4,537.65,538.12,3687851,1984506717.1,53682,1030299,27.94,4,2018,516.7246977937841,3.324685307965791,Among top gainers
2018-04-30,RBLBANK,EQ,2018-04-30,537.65,541.0,541.8,525.9,527.5,530.55,533.21,3428458,1828077386.9,47309,2273642,66.32,4,2018,516.8764980371,-1.3205617037105988,Negative
2018-05-02,RBLBANK,EQ,2018-05-02,530.55,529.8,529.8,513.2,518.2,518.35,520.57,1594732,830174456.2,26917,1050119,65.85,5,2018,516.8839853334824,-2.299500518330022,Negative
2018-05-03,RBLBANK,EQ,2018-05-03,518.35,516.7,526.0,509.0,519.2,520.55,516.09,1645682,849316987.65,13873,1090784,66.28,5,2018,516.9031083051726,0.42442365197259413,Slight or no change
2018-05-04,RBLBANK,EQ,2018-05-04,520.55,521.0,528.8,520.1,521.2,523.55,524.34,852654,447082546.8,12129,274297,32.17,5,2018,516.9210240365882,0.5763135145519183,Slight positive
2018-05-07,RBLBANK,EQ,2018-05-07,523.55,524.95,527.65,514.1,525.0,524.15,518.65,1155587,599340066.9,18971,808563,69.97,5,2018,516.9473351339894,0.11460223474357711,Slight or no change
2018-05-08,RBLBANK,EQ,2018-05-08,524.15,523.95,523.95,514.55,519.0,519.15,519.06,1267882,658101059.55,11721,986513,77.81,5,2018,516.9560961798701,-0.9539254030334843,Slight negative
2018-05-09,RBLBANK,EQ,2018-05-09,519.15,518.0,519.5,514.0,514.15,515.1,516.65,403382,208407559.4,11522,216936,53.78,5,2018,516.9537503503083,-0.780121352210339,Slight negative
2018-05-10,RBLBANK,EQ,2018-05-10,515.1,514.0,523.45,514.0,517.3,519.3,520.34,747441,388927152.25,16227,359417,48.09,5,2018,516.9592320437396,0.815375655212569,Slight positive
2018-05-11,RBLBANK,EQ,2018-05-11,519.3,519.5,521.4,516.0,518.0,518.4,518.1,471362,244210521.7,10925,312327,66.26,5,2018,516.9613517359302,-0.17331022530329143,Slight or no change
2018-05-14,RBLBANK,EQ,2018-05-14,518.4,519.85,519.85,511.3,514.3,515.45,515.11,268295,138201685.7,6471,116469,43.41,5,2018,516.9600871778232,-0.5690586419752952,Slight negative
2018-05-15,RBLBANK,EQ,2018-05-15,515.45,511.35,519.65,511.0,511.75,512.65,516.92,1162430,600885105.1,12882,932984,80.26,5,2018,516.9445188493972,-0.5432146667960214,Slight negative
2018-05-16,RBLBANK,EQ,2018-05-16,512.65,510.0,518.3,507.1,513.55,513.8,513.82,370021,190124811.8,8064,136847,36.98,5,2018,516.9409074906032,0.22432458792547294,Slight or no change
2018-05-17,RBLBANK,EQ,2018-05-17,513.8,513.0,516.4,509.1,512.05,513.55,511.94,402958,206292088.85,5660,234605,58.22,5,2018,516.9366718123919,-0.04865706500584155,Slight or no change
2018-05-18,RBLBANK,EQ,2018-05-18,513.55,511.1,513.4,502.15,507.0,508.5,507.19,410019,207957031.85,9595,145846,35.57,5,2018,516.9259622746097,-0.9833511829422603,Slight negative
2018-05-21,RBLBANK,EQ,2018-05-21,508.5,505.55,508.9,493.6,497.75,498.2,498.63,869992,433806512.8,9769,606948,69.76,5,2018,516.8756600942615,-2.0255653883972435,Negative
2018-05-22,RBLBANK,EQ,2018-05-22,498.2,497.75,505.9,495.0,500.0,500.95,499.74,446437,223101588.55,8705,223502,50.06,5,2018,516.8537377600817,0.5519871537535082,Slight positive
2018-05-23,RBLBANK,EQ,2018-05-23,500.95,498.0,503.8,495.6,498.5,499.45,498.88,352703,175957426.8,6331,190463,54.0,5,2018,516.8348313616298,-0.29943108094619975,Slight or no change
2018-05-24,RBLBANK,EQ,2018-05-24,499.45,503.5,503.5,492.3,495.0,495.45,496.19,268491,133222582.1,6692,119108,44.36,5,2018,516.8171614781131,-0.8008809690659757,Slight negative
2018-05-25,RBLBANK,EQ,2018-05-25,495.45,495.45,516.5,493.9,515.2,515.05,507.31,791707,401639860.25,10981,424289,53.59,5,2018,516.8128662920398,3.955999596326576,Among top gainers
2018-05-28,RBLBANK,EQ,2018-05-28,515.05,515.9,525.0,513.9,522.25,521.9,520.74,564563,293989181.75,7570,216196,38.29,5,2018,516.8216681579999,1.3299679642753137,Positive
2018-05-29,RBLBANK,EQ,2018-05-29,521.9,525.0,528.85,521.6,528.0,527.45,525.54,912425,479518690.8,13324,423987,46.47,5,2018,516.851305464912,1.0634221115156217,Positive
2018-05-30,RBLBANK,EQ,2018-05-30,527.45,524.15,525.2,515.25,518.3,521.8,519.47,727084,377701586.95,11212,346507,47.66,5,2018,516.8622775134763,-1.0711915821405071,Negative
2018-05-31,RBLBANK,EQ,2018-05-31,521.8,518.65,521.1,508.85,511.8,515.9,513.95,1105731,568286224.3,34726,665229,60.16,5,2018,516.8590438083318,-1.1307014181678787,Negative
2018-06-01,RBLBANK,EQ,2018-06-01,515.9,514.65,514.95,506.1,506.6,507.55,509.2,727533,370460914.35,13652,428103,58.84,6,2018,516.8385062330321,-1.6185307230083268,Negative
2018-06-04,RBLBANK,EQ,2018-06-04,507.55,507.0,513.75,502.0,507.05,507.7,508.23,467987,237843830.85,16577,162734,34.77,6,2018,516.8255557934123,0.029553738547916097,Slight or no change
2018-06-05,RBLBANK,EQ,2018-06-05,507.7,510.0,519.0,508.5,512.95,513.4,512.53,1525303,781757337.7,28807,891125,58.42,6,2018,516.8098064893693,1.1227102619657314,Positive
2018-06-06,RBLBANK,EQ,2018-06-06,513.4,511.9,521.2,509.45,519.7,519.05,515.49,951886,490684130.2,15571,735132,77.23,6,2018,516.8162156385862,1.1005064277366472,Positive
2018-06-07,RBLBANK,EQ,2018-06-07,519.05,521.0,530.5,518.45,527.0,526.3,525.45,1028703,540531118.0,14076,534937,52.0,6,2018,516.8454477967047,1.3967825835661252,Positive
2018-06-08,RBLBANK,EQ,2018-06-08,526.3,527.3,536.3,521.5,535.0,532.8,530.06,1497960,794014930.05,17137,895141,59.76,6,2018,516.9167378799461,1.2350370511115427,Positive
2018-06-11,RBLBANK,EQ,2018-06-11,532.8,536.05,548.9,533.15,541.25,541.3,541.61,2707805,1466564431.7,35353,1343131,49.6,6,2018,517.1121086913166,1.5953453453453559,Positive
2018-06-12,RBLBANK,EQ,2018-06-12,541.3,542.85,549.0,535.9,548.45,548.15,544.81,1375950,749624903.85,24156,684240,49.73,6,2018,517.237966658435,1.2654720118233875,Positive
2018-06-13,RBLBANK,EQ,2018-06-13,548.15,549.95,570.0,549.9,557.35,557.65,563.18,3879174,2184691072.1,61526,1294659,33.37,6,2018,517.6947382572343,1.7331022530329365,Positive
2018-06-14,RBLBANK,EQ,2018-06-14,557.65,556.95,564.4,553.25,558.25,558.8,558.68,1325183,740356619.3,17428,501390,37.84,6,2018,517.8528443930254,0.20622254102034,Slight or no change
2018-06-15,RBLBANK,EQ,2018-06-15,558.8,558.7,564.95,557.8,559.25,559.75,561.02,1233383,691956018.55,13670,608597,49.34,6,2018,518.0022978568192,0.17000715819615042,Slight or no change
2018-06-18,RBLBANK,EQ,2018-06-18,559.75,560.0,561.6,549.5,550.45,551.6,553.81,671194,371711354.15,13000,260910,38.87,6,2018,518.0673915466812,-1.4560071460473334,Negative
2018-06-19,RBLBANK,EQ,2018-06-19,551.6,549.0,550.45,540.1,540.2,542.05,544.19,547022,297682013.65,8933,169153,30.92,6,2018,518.1052007253336,-1.73132704858594,Negative
2018-06-20,RBLBANK,EQ,2018-06-20,542.05,540.1,549.8,540.1,543.1,544.45,546.0,627524,342628400.75,10146,279180,44.49,6,2018,518.1527601443656,0.4427635826953491,Slight or no change
2018-06-21,RBLBANK,EQ,2018-06-21,544.45,543.0,554.35,537.1,537.75,538.95,547.34,1155509,632455511.45,18419,326892,28.29,6,2018,518.2216648783491,-1.0101937735329192,Negative
2018-06-22,RBLBANK,EQ,2018-06-22,538.95,540.15,555.4,534.15,553.8,554.0,547.11,1018849,557425949.65,16427,413495,40.58,6,2018,518.3258805694361,2.792466833658036,Positive
2018-06-25,RBLBANK,EQ,2018-06-25,554.0,552.85,567.0,551.4,557.25,558.85,561.65,1858906,1044052496.55,36446,664843,35.77,6,2018,518.5401065998933,0.8754512635379186,Slight positive
2018-06-26,RBLBANK,EQ,2018-06-26,558.85,557.1,564.75,555.05,559.9,559.6,559.81,1133449,634519043.5,25896,486798,42.95,6,2018,518.6720304774453,0.1342041692761864,Slight or no change
2018-06-27,RBLBANK,EQ,2018-06-27,559.6,560.0,571.8,539.1,543.5,544.3,560.25,5286321,2961647582.5,44714,2793111,52.84,6,2018,519.0503961315965,-2.7340957827019396,Negative
2018-06-28,RBLBANK,EQ,2018-06-28,544.3,547.95,549.9,537.3,541.1,542.15,543.52,1702139,925147825.9,21124,476609,28.0,6,2018,519.1596870016266,-0.3950027558331737,Slight or no change
2018-06-29,RBLBANK,EQ,2018-06-29,542.15,542.65,554.9,542.65,553.0,552.05,550.26,1217218,669790087.3,21370,632280,51.94,6,2018,519.2705926822138,1.826062897722025,Positive
2018-07-02,RBLBANK,EQ,2018-07-02,552.05,555.7,556.0,546.0,550.05,550.65,550.56,727363,400458211.6,17482,380697,52.34,7,2018,519.3336941048605,-0.2536002173716079,Slight or no change
2018-07-03,RBLBANK,EQ,2018-07-03,550.65,549.4,567.85,548.75,565.4,564.95,560.95,1215241,681693722.15,29346,434332,35.74,7,2018,519.4864398297287,2.596930899845651,Positive
2018-07-04,RBLBANK,EQ,2018-07-04,564.95,566.35,576.0,563.25,571.4,570.25,571.19,2266725,1294720926.1,50265,897210,39.58,7,2018,519.8015289309313,0.9381361182405401,Slight positive
2018-07-05,RBLBANK,EQ,2018-07-05,570.25,572.9,574.5,561.0,565.0,564.45,567.81,1172941,666008287.9,48011,515555,43.95,7,2018,519.9444751157943,-1.0170977641385304,Negative
2018-07-06,RBLBANK,EQ,2018-07-06,564.45,562.0,568.8,560.95,562.75,563.05,565.05,699437,395219388.75,22188,363703,52.0,7,2018,520.0266129052383,-0.2480290548321551,Slight or no change
2018-07-09,RBLBANK,EQ,2018-07-09,563.05,567.8,581.8,565.55,580.15,579.2,573.6,1730058,992368676.4,28472,767701,44.37,7,2018,520.3042045722066,2.8683065447118627,Positive
2018-07-10,RBLBANK,EQ,2018-07-10,579.2,584.95,590.5,575.25,579.8,579.9,583.36,3476982,2028323764.2,48367,1678724,48.28,7,2018,520.8608287005499,0.12085635359115887,Slight or no change
2018-07-11,RBLBANK,EQ,2018-07-11,579.9,580.75,585.7,575.5,578.5,579.45,580.56,871161,505757609.45,22623,242628,27.85,7,2018,520.997615636415,-0.07759958613552387,Slight or no change
2018-07-12,RBLBANK,EQ,2018-07-12,579.45,583.0,588.85,572.6,576.55,575.7,582.11,1205975,702006463.2,21259,333712,27.67,7,2018,521.1738424708059,-0.6471654154801998,Slight negative
2018-07-13,RBLBANK,EQ,2018-07-13,575.7,577.85,579.35,566.3,571.8,570.6,571.75,558514,319333036.2,9907,171008,30.62,7,2018,521.2474752033276,-0.8858780614903639,Slight negative
2018-07-16,RBLBANK,EQ,2018-07-16,570.6,571.5,572.25,548.5,553.0,550.2,558.29,1039749,580476745.0,24479,577015,55.5,7,2018,521.3275493214102,-3.5751840168243953,Among top losers
2018-07-17,RBLBANK,EQ,2018-07-17,550.2,553.5,565.9,551.05,565.35,562.1,556.81,4327245,2409448250.8,34057,3010961,69.58,7,2018,521.791514277113,2.1628498727735312,Positive
2018-07-18,RBLBANK,EQ,2018-07-18,562.1,567.8,569.0,547.3,565.0,565.05,563.96,2676096,1509213075.7,24012,1508150,56.36,7,2018,522.0938116027443,0.5248176481053024,Slight positive
2018-07-19,RBLBANK,EQ,2018-07-19,565.05,567.9,568.4,547.0,555.9,557.4,557.1,7197198,4009578855.15,90973,2863227,39.78,7,2018,522.7451236445332,-1.3538624900451213,Negative
2018-07-20,RBLBANK,EQ,2018-07-20,557.4,558.0,585.0,557.0,579.0,577.8,572.86,4535513,2598201655.35,84669,1903595,41.97,7,2018,523.3777938491206,3.659849300322926,Among top gainers
2018-07-23,RBLBANK,EQ,2018-07-23,577.8,580.8,583.7,565.75,569.5,569.8,571.33,1274978,728437375.7,21237,596159,46.76,7,2018,523.5272738020283,-1.3845621322256862,Negative
2018-07-24,RBLBANK,EQ,2018-07-24,569.8,571.8,576.55,566.45,569.7,569.75,571.8,1395119,797729638.65,30298,791847,56.76,7,2018,523.6895645561242,-0.00877500877499715,Slight or no change
2018-07-25,RBLBANK,EQ,2018-07-25,569.75,571.0,578.9,569.25,570.9,569.95,571.9,1545252,883724858.95,20120,945906,61.21,7,2018,523.8687696494337,0.03510311540149136,Slight or no change
2018-07-26,RBLBANK,EQ,2018-07-26,569.95,570.0,574.2,565.1,568.0,567.25,569.23,1915920,1090605806.75,17287,999562,52.17,7,2018,524.0761366289789,-0.4737257654180316,Slight or no change
2018-07-27,RBLBANK,EQ,2018-07-27,567.25,569.85,573.0,565.0,571.25,570.05,570.54,843524,481267741.4,40085,511983,60.7,7,2018,524.1726874073615,0.49360951961214816,Slight or no change
2018-07-30,RBLBANK,EQ,2018-07-30,570.05,568.4,569.9,560.0,561.5,562.75,563.61,487148,274561210.05,14127,167654,34.42,7,2018,524.2194193475954,-1.2805894219805158,Negative
2018-07-31,RBLBANK,EQ,2018-07-31,562.75,562.7,574.25,560.35,573.9,572.9,570.36,1152938,657585728.1,20637,522958,45.36,7,2018,524.3585873146998,1.8036428254109227,Positive
2018-08-01,RBLBANK,EQ,2018-08-01,572.9,574.95,575.65,565.5,566.2,568.95,570.61,643703,367306306.4,20485,304848,47.36,8,2018,524.4296467439589,-0.6894746028975218,Slight negative
2018-08-02,RBLBANK,EQ,2018-08-02,568.95,567.9,576.5,556.1,571.05,568.7,568.4,995670,565939245.45,17672,312641,31.4,8,2018,524.5385006911682,-0.04394059231918046,Slight or no change
2018-08-03,RBLBANK,EQ,2018-08-03,568.7,571.05,574.9,567.0,567.45,567.8,570.91,779169,444835747.95,12113,486408,62.43,8,2018,524.6215840687286,-0.15825567082822234,Slight or no change
2018-08-06,RBLBANK,EQ,2018-08-06,567.8,571.0,572.1,563.05,566.5,565.5,566.38,860361,487287268.1,16046,471109,54.76,8,2018,524.7080879690355,-0.4050722085241154,Slight or no change
2018-08-07,RBLBANK,EQ,2018-08-07,565.5,565.2,570.25,562.35,563.5,565.1,565.82,612134,346359958.3,15580,284263,46.44,8,2018,524.7688103023002,-0.0707338638373134,Slight or no change
2018-08-08,RBLBANK,EQ,2018-08-08,565.1,565.0,572.4,564.0,572.4,571.55,569.86,926377,527902734.2,16241,508259,54.87,8,2018,524.8749993273906,1.1413909042647274,Positive
2018-08-09,RBLBANK,EQ,2018-08-09,571.55,574.9,582.2,561.6,566.6,567.4,573.22,2499504,1432774995.65,44020,1059458,42.39,8,2018,525.1338605660927,-0.7260957046627547,Slight negative
2018-08-10,RBLBANK,EQ,2018-08-10,567.4,569.4,575.2,566.05,566.6,568.75,571.0,984756,562299313.25,17629,354237,35.97,8,2018,525.2382134392,0.23792738808601221,Slight or no change
2018-08-13,RBLBANK,EQ,2018-08-13,568.75,560.0,568.25,560.0,562.5,562.25,562.8,456781,257077493.0,9404,185961,40.71,8,2018,525.2792428167996,-1.1428571428571455,Negative
2018-08-14,RBLBANK,EQ,2018-08-14,562.25,562.6,565.7,560.0,564.5,564.15,563.46,548701,309169877.2,8048,257639,46.95,8,2018,525.3309353324196,0.33792796798577385,Slight or no change
2018-08-16,RBLBANK,EQ,2018-08-16,564.15,561.0,579.8,561.0,570.15,571.25,573.25,1802923,1033525287.85,55348,934838,51.85,8,2018,525.5307123610722,1.258530532659763,Positive
2018-08-17,RBLBANK,EQ,2018-08-17,571.25,574.7,578.8,571.3,573.4,573.45,574.09,1010312,580006801.95,50378,600316,59.42,8,2018,525.6472546885842,0.3851203501094247,Slight or no change
2018-08-20,RBLBANK,EQ,2018-08-20,573.45,581.0,593.0,574.0,592.95,591.3,586.23,2985648,1750283239.95,72170,1173747,39.31,8,2018,526.1157434140799,3.1127386868951,Among top gainers
2018-08-21,RBLBANK,EQ,2018-08-21,591.3,595.0,603.85,594.2,595.5,596.6,599.26,3884090,2327591834.8,86877,1228602,31.63,8,2018,526.7640434106995,0.8963301200744178,Slight positive
2018-08-23,RBLBANK,EQ,2018-08-23,596.6,597.9,598.5,590.5,595.0,595.1,594.63,1135035,674921105.05,26355,594447,52.37,8,2018,526.9472273498628,-0.25142474019443917,Slight or no change
2018-08-24,RBLBANK,EQ,2018-08-24,595.1,593.7,612.8,592.7,611.2,609.7,606.0,3266786,1979674084.2,58230,1120879,34.31,8,2018,527.580796867233,2.4533691816501557,Positive
2018-08-27,RBLBANK,EQ,2018-08-27,609.7,617.9,638.7,613.15,638.5,636.8,628.47,5991583,3765556161.55,123894,2342380,39.09,8,2018,529.0932280550014,4.444808922420851,Among top gainers
2018-08-28,RBLBANK,EQ,2018-08-28,636.8,639.95,640.45,626.15,632.55,634.35,631.6,1776671,1122143454.35,40011,581346,32.72,8,2018,529.5236678783876,-0.3847361809045102,Slight or no change
2018-08-29,RBLBANK,EQ,2018-08-29,634.35,631.9,651.95,630.0,638.45,639.9,644.54,3063073,1974280346.1,39603,1219074,39.8,8,2018,530.2964151677236,0.8749113265547281,Slight positive
2018-08-30,RBLBANK,EQ,2018-08-30,639.9,640.0,642.0,623.0,626.95,626.9,627.94,1683517,1057146981.2,34295,615600,36.57,8,2018,530.6667094680248,-2.0315674324113187,Negative
2018-08-31,RBLBANK,EQ,2018-08-31,626.9,627.0,633.7,620.5,627.2,627.25,626.22,948373,593889557.8,19828,336439,35.48,8,2018,530.8748135938516,0.05583027596107737,Slight or no change
2018-09-03,RBLBANK,EQ,2018-09-03,627.25,630.1,643.5,622.0,624.4,623.9,633.56,1532438,970892850.6,28755,428554,27.97,9,2018,531.1975690164587,-0.5340773216420902,Slight negative
2018-09-04,RBLBANK,EQ,2018-09-04,623.9,623.1,627.3,601.5,607.5,608.0,610.44,1608895,982139065.55,24934,597145,37.12,9,2018,531.4763182262947,-2.5484853341881664,Negative
2018-09-05,RBLBANK,EQ,2018-09-05,608.0,605.1,610.95,586.2,594.0,593.55,595.25,1533562,912852741.8,27460,564029,36.78,9,2018,531.6903212821778,-2.376644736842115,Negative
2018-09-06,RBLBANK,EQ,2018-09-06,593.55,598.0,600.0,578.65,591.6,591.55,588.41,1766611,1039492166.65,45182,520989,29.49,9,2018,531.9271122148074,-0.33695560609889874,Slight or no change
2018-09-07,RBLBANK,EQ,2018-09-07,591.55,593.8,611.8,588.0,611.35,609.75,602.36,1571506,946612982.3,27052,320325,20.38,9,2018,532.2000021948497,3.076663003972624,Among top gainers
2018-09-10,RBLBANK,EQ,2018-09-10,609.75,607.8,617.0,587.5,602.05,599.25,601.87,2369403,1426076984.7,37327,725506,30.62,9,2018,532.55262619834,-1.7220172201722006,Negative
2018-09-11,RBLBANK,EQ,2018-09-11,599.25,605.2,611.9,597.7,602.6,602.9,604.09,1810187,1093508394.65,21837,973800,53.8,9,2018,532.8341428257636,0.6090947017104664,Slight positive
2018-09-12,RBLBANK,EQ,2018-09-12,602.9,605.7,608.0,589.8,600.0,598.45,597.95,1625231,971810581.4,34204,665736,40.96,9,2018,533.0690514896248,-0.7380991872615539,Slight negative
2018-09-14,RBLBANK,EQ,2018-09-14,598.45,604.0,612.8,598.5,612.0,611.25,607.04,1173043,712080772.75,16620,431698,36.8,9,2018,533.2705487924387,2.1388587183557517,Positive
2018-09-17,RBLBANK,EQ,2018-09-17,611.25,610.5,610.5,595.0,596.6,596.65,600.95,783421,470800199.35,21214,255583,32.62,9,2018,533.3794546293054,-2.3885480572597206,Negative
2018-09-18,RBLBANK,EQ,2018-09-18,596.65,596.9,606.9,595.05,598.0,596.2,600.95,914926,549823242.1,18070,273756,29.92,9,2018,533.5052673336547,-0.07542110114806544,Slight or no change
2018-09-19,RBLBANK,EQ,2018-09-19,596.2,599.7,602.25,587.55,590.0,589.65,594.49,780356,463913730.25,14607,217009,27.81,9,2018,533.6010082113921,-1.0986246226098784,Negative
2018-09-21,RBLBANK,EQ,2018-09-21,589.65,593.15,601.0,539.3,565.0,564.6,571.76,2077298,1187717962.1,36496,688337,33.14,9,2018,533.7410878547918,-4.248282879674381,Among top losers
2018-09-24,RBLBANK,EQ,2018-09-24,564.6,560.2,564.0,527.2,528.7,531.35,540.55,2440295,1319110111.05,40198,1311025,53.72,9,2018,533.7284618145585,-5.889125044279131,Among top losers
2018-09-25,RBLBANK,EQ,2018-09-25,531.35,528.0,537.8,509.25,527.7,521.2,521.97,2793090,1457897269.85,59511,1134848,40.63,9,2018,533.6531964663905,-1.91022866283993,Negative
2018-09-26,RBLBANK,EQ,2018-09-26,521.2,528.4,538.4,519.05,536.3,536.25,530.05,1415243,750147608.85,30515,496005,35.05,9,2018,533.6610771250986,2.8875671527244684,Positive
2018-09-27,RBLBANK,EQ,2018-09-27,536.25,538.95,541.95,520.6,526.5,523.2,530.6,1580799,838779338.65,31066,741681,46.92,9,2018,533.6257363718064,-2.4335664335664253,Negative
2018-09-28,RBLBANK,EQ,2018-09-28,523.2,526.9,530.6,504.35,513.0,511.9,516.39,1547374,799045196.5,27648,578466,37.38,9,2018,533.5541288312919,-2.159785932721725,Negative
2018-10-01,RBLBANK,EQ,2018-10-01,511.9,495.0,532.9,491.0,529.8,524.9,510.84,2979461,1522017589.35,44310,1421153,47.7,10,2018,533.4995527278127,2.539558507520989,Positive
2018-10-03,RBLBANK,EQ,2018-10-03,524.9,526.0,538.4,519.2,525.05,526.15,530.99,1524905,809708298.4,29949,610188,40.01,10,2018,533.4759073816413,0.2381405982091911,Slight or no change
2018-10-04,RBLBANK,EQ,2018-10-04,526.15,516.4,521.15,506.0,507.0,508.85,512.25,1341158,687003246.9,53969,671835,50.09,10,2018,533.4064230268978,-3.2880357312553343,Among top losers
2018-10-05,RBLBANK,EQ,2018-10-05,508.85,510.0,516.3,485.0,490.1,490.25,502.31,1915931,962382775.9,72564,633513,33.07,10,2018,533.2331651058042,-3.6553011693033377,Among top losers
2018-10-08,RBLBANK,EQ,2018-10-08,490.25,490.25,503.0,483.2,498.0,495.1,496.02,1347259,668261883.05,29093,533838,39.62,10,2018,533.1258162470285,0.9892911779704194,Slight positive
2018-10-09,RBLBANK,EQ,2018-10-09,495.1,499.0,505.0,495.1,499.7,499.75,501.09,1089914,546140554.6,22942,479826,44.02,10,2018,533.0499795024552,0.9392042011714841,Slight positive
2018-10-10,RBLBANK,EQ,2018-10-10,499.75,504.0,538.5,499.05,535.15,534.7,522.39,2063805,1078115260.55,39888,824761,39.96,10,2018,533.0570483562061,6.993496748374195,Among top gainers
2018-10-11,RBLBANK,EQ,2018-10-11,534.7,515.0,534.9,507.1,517.35,519.65,523.32,1544696,808371454.7,41200,572561,37.07,10,2018,533.0141957886344,-2.8146624275294685,Negative
2018-10-12,RBLBANK,EQ,2018-10-12,519.65,527.7,549.8,525.0,526.5,526.85,537.28,1493753,802562164.8,36834,336895,22.55,10,2018,532.9952018254414,1.3855479649764302,Positive
2018-10-15,RBLBANK,EQ,2018-10-15,526.85,527.8,533.5,518.1,527.6,527.15,526.87,918034,483684488.25,14877,181664,19.79,10,2018,532.9841534863879,0.0569422036632794,Slight or no change
2018-10-16,RBLBANK,EQ,2018-10-16,527.15,529.95,543.95,525.65,536.5,538.7,539.04,1348412,726844109.1,31994,449498,33.34,10,2018,532.9999782720454,2.191027221853381,Positive
2018-10-17,RBLBANK,EQ,2018-10-17,538.7,542.4,551.0,532.15,535.45,537.9,545.24,1710098,932417023.55,36157,629755,36.83,10,2018,533.017123033617,-0.14850566177836422,Slight or no change
2018-10-19,RBLBANK,EQ,2018-10-19,537.9,530.0,539.8,500.5,506.5,506.1,515.93,1570109,810061813.8,40474,668156,42.55,10,2018,532.9309288509922,-5.911879531511421,Among top losers
2018-10-22,RBLBANK,EQ,2018-10-22,506.1,508.0,510.0,459.75,470.0,469.25,472.25,6442087,3042307590.95,149710,2379292,36.93,10,2018,532.1051064393816,-7.281169729302517,Bear drop
2018-10-23,RBLBANK,EQ,2018-10-23,469.25,465.0,483.5,438.2,467.1,464.9,461.32,9215694,4251351839.4,180570,2952721,32.04,10,2018,530.8810596428913,-0.9270111880660625,Slight negative
2018-10-24,RBLBANK,EQ,2018-10-24,464.9,478.4,495.95,473.05,492.8,493.25,485.13,3990958,1936115606.1,95839,1217354,30.5,10,2018,530.5865637749978,6.098085609808557,Among top gainers
2018-10-25,RBLBANK,EQ,2018-10-25,493.25,486.7,498.5,483.05,494.5,493.8,491.07,3212247,1577436127.15,40266,1633126,50.84,10,2018,530.356299396683,0.11150532184491802,Slight or no change
2018-10-26,RBLBANK,EQ,2018-10-26,493.8,500.0,507.3,486.3,494.0,498.9,500.11,2373225,1186872345.7,40126,929445,39.16,10,2018,530.2114984603306,1.0328068043742311,Positive
2018-10-29,RBLBANK,EQ,2018-10-29,498.9,493.0,518.5,490.55,514.25,516.85,508.09,1568388,796888190.9,35780,595169,37.95,10,2018,530.1709742718931,3.597915413910613,Among top gainers
2018-10-30,RBLBANK,EQ,2018-10-30,516.85,519.0,537.4,516.9,527.5,526.45,529.67,2384629,1263062266.95,49487,805464,33.78,10,2018,530.1538943820754,1.8574054367805015,Positive
2018-10-31,RBLBANK,EQ,2018-10-31,526.45,526.4,537.75,521.0,521.2,524.5,527.95,1207952,637736075.3,33941,460356,38.11,10,2018,530.1407785362578,-0.3704055465856282,Slight or no change
2018-11-01,RBLBANK,EQ,2018-11-01,524.5,525.0,534.3,521.0,525.95,523.25,527.96,1416021,747598214.75,27372,658463,46.5,11,2018,530.1220907647614,-0.23832221163012646,Slight or no change
2018-11-02,RBLBANK,EQ,2018-11-02,523.25,529.0,534.0,519.25,522.5,522.3,527.7,1721770,908569469.85,67926,867663,50.39,11,2018,530.0963816126556,-0.18155757286193452,Slight or no change
2018-11-05,RBLBANK,EQ,2018-11-05,522.3,522.5,535.5,517.9,533.95,533.15,529.27,1069064,565827450.15,20741,412999,38.63,11,2018,530.1026006453893,2.077350181887816,Positive
2018-11-06,RBLBANK,EQ,2018-11-06,533.15,535.8,543.95,533.6,538.1,538.4,539.52,1595009,860542547.4,30595,548485,34.39,11,2018,530.1277363971438,0.9847134952639891,Slight positive
2018-11-07,RBLBANK,EQ,2018-11-07,538.4,542.9,543.0,538.15,538.6,540.1,540.22,171237,92505658.75,3804,67521,39.43,11,2018,530.1309785753884,0.31575037147102414,Slight or no change
2018-11-09,RBLBANK,EQ,2018-11-09,540.1,539.0,556.25,537.75,556.25,551.65,548.05,1421596,779111498.65,45036,628084,44.18,11,2018,530.1889045840675,2.1384928716904117,Positive
2018-11-12,RBLBANK,EQ,2018-11-12,551.65,557.05,559.7,530.6,549.4,546.6,544.1,2276238,1238503006.35,57817,932390,40.96,11,2018,530.2593353289221,-0.9154355116468671,Slight negative
2018-11-13,RBLBANK,EQ,2018-11-13,546.6,545.0,561.6,538.1,553.85,554.35,552.28,1751191,967139773.65,30619,570398,32.57,11,2018,530.3386142594455,1.417855836077564,Positive
2018-11-14,RBLBANK,EQ,2018-11-14,554.35,555.85,556.85,542.8,546.0,548.7,550.42,2252778,1239978379.8,56585,1247173,55.36,11,2018,530.4160184821272,-1.0192116893659176,Negative
2018-11-15,RBLBANK,EQ,2018-11-15,548.7,547.05,555.0,541.65,550.5,551.15,549.88,1695874,932527020.2,53844,1003728,59.19,11,2018,530.4816089990622,0.4465099325678734,Slight or no change
2018-11-16,RBLBANK,EQ,2018-11-16,551.15,548.15,561.9,548.15,559.05,559.25,557.31,1592422,887479391.7,42244,739510,46.44,11,2018,530.5668111122922,1.4696543590674072,Positive
2018-11-19,RBLBANK,EQ,2018-11-19,559.25,560.85,563.95,552.55,555.0,556.45,557.5,892097,497341877.45,24048,357310,40.05,11,2018,530.6096843732913,-0.5006705409029921,Slight negative
2018-11-20,RBLBANK,EQ,2018-11-20,556.45,553.7,563.5,552.1,555.2,555.95,557.37,1002590,558809291.85,21344,500071,49.88,11,2018,530.6567695632118,-0.08985533291401282,Slight or no change
2018-11-21,RBLBANK,EQ,2018-11-21,555.95,554.0,561.95,548.85,554.95,554.05,554.39,1008146,558907065.75,18125,407298,40.4,11,2018,530.7003962151323,-0.34175735227989223,Slight or no change
2018-11-22,RBLBANK,EQ,2018-11-22,554.05,555.35,563.95,555.0,558.6,558.55,560.4,978350,548267676.95,25014,345336,35.3,11,2018,530.7507075969553,0.8122010648858424,Slight positive
2018-11-26,RBLBANK,EQ,2018-11-26,558.55,555.65,569.0,552.85,564.7,558.35,562.38,1552045,872834682.2,32610,418023,26.93,11,2018,530.8295776945699,-0.03580700026853956,Slight or no change
2018-11-27,RBLBANK,EQ,2018-11-27,558.35,559.5,577.45,559.5,576.0,574.8,571.05,1975953,1128377445.65,43881,876365,44.35,11,2018,530.98897103972,2.9461807110235494,Positive
2018-11-28,RBLBANK,EQ,2018-11-28,574.8,569.1,570.95,540.0,543.35,543.3,552.72,2155403,1191340677.05,44900,691178,32.07,11,2018,531.0374598872681,-5.480167014613779,Among top losers
2018-11-29,RBLBANK,EQ,2018-11-29,543.3,545.0,551.2,524.2,543.0,545.35,540.92,2860251,1547178986.85,55511,1094773,38.28,11,2018,531.1118775278696,0.3773237621940151,Slight or no change
2018-11-30,RBLBANK,EQ,2018-11-30,545.35,545.7,564.4,535.6,560.0,548.4,549.97,3869279,2127980176.55,47219,2383261,61.59,11,2018,531.2326280166951,0.5592738608233061,Slight positive
2018-12-03,RBLBANK,EQ,2018-12-03,548.4,558.7,562.0,552.8,555.9,556.2,557.28,920819,513151123.85,26787,335751,36.46,12,2018,531.2740601061852,1.4223194748359091,Positive
2018-12-04,RBLBANK,EQ,2018-12-04,556.2,555.0,559.7,553.0,556.0,556.2,556.69,751940,418598589.5,22331,310583,41.3,12,2018,531.3077916600513,0.0,Slight or no change
2018-12-05,RBLBANK,EQ,2018-12-05,556.2,549.95,561.0,549.5,558.7,559.05,556.74,1197565,666731243.2,36375,583859,48.75,12,2018,531.367454885419,0.5124056094929719,Slight positive
2018-12-06,RBLBANK,EQ,2018-12-06,559.05,555.0,561.9,547.2,550.0,550.0,554.03,1455898,806617246.15,38808,747720,51.36,12,2018,531.4160436358312,-1.6188176370628637,Negative
2018-12-07,RBLBANK,EQ,2018-12-07,550.0,553.9,558.0,539.35,549.0,548.25,545.27,977478,532989541.75,34629,318210,32.55,12,2018,531.4454652221409,-0.31818181818181746,Slight or no change
2018-12-10,RBLBANK,EQ,2018-12-10,548.25,538.0,554.95,538.0,547.6,548.0,548.85,1065322,584704229.3,23904,464351,43.59,12,2018,531.4769386689111,-0.045599635202919764,Slight or no change
2018-12-11,RBLBANK,EQ,2018-12-11,548.0,538.0,560.7,536.2,557.85,558.95,553.81,821559,454987565.75,18220,275187,33.5,12,2018,531.5171599555568,1.998175182481754,Positive
2018-12-12,RBLBANK,EQ,2018-12-12,558.95,559.9,577.5,557.4,575.0,574.35,567.87,1849893,1050496470.0,26826,1005056,54.33,12,2018,531.6578956683416,2.7551659361302328,Positive
2018-12-13,RBLBANK,EQ,2018-12-13,574.35,579.0,587.45,567.5,583.0,581.6,580.09,2423750,1405990173.3,35970,1173920,48.43,12,2018,531.8719726095024,1.2622965090972382,Positive
2018-12-14,RBLBANK,EQ,2018-12-14,581.6,579.8,590.5,571.0,576.65,577.8,580.27,1426838,827952053.25,30936,414437,29.05,12,2018,531.987576689837,-0.6533700137551723,Slight negative
2018-12-17,RBLBANK,EQ,2018-12-17,577.8,580.0,587.0,573.95,577.5,578.95,581.8,1098313,639001595.6,31799,478775,43.59,12,2018,532.0783915011123,0.19903080650744975,Slight or no change
2018-12-18,RBLBANK,EQ,2018-12-18,578.95,578.0,580.2,570.1,577.55,577.55,575.37,1028557,591802723.75,31905,470904,45.78,12,2018,532.1605898256269,-0.2418170826496424,Slight or no change
2018-12-19,RBLBANK,EQ,2018-12-19,577.55,578.0,584.0,573.75,581.0,581.9,579.04,939076,543760077.9,35166,421823,44.92,12,2018,532.2425455848653,0.7531815427235689,Slight positive
2018-12-20,RBLBANK,EQ,2018-12-20,581.9,578.65,586.9,576.1,579.8,578.75,582.11,917842,534284113.7,21914,253531,27.62,12,2018,532.3173228808357,-0.5413301254511005,Slight negative
2018-12-21,RBLBANK,EQ,2018-12-21,578.75,578.75,582.5,562.0,562.45,563.65,569.59,701013,399287826.65,12959,250153,35.68,12,2018,532.3557528327267,-2.609071274298058,Negative
2018-12-24,RBLBANK,EQ,2018-12-24,563.65,563.0,567.7,556.7,560.8,561.2,561.54,474576,266493460.65,13844,200766,42.3,12,2018,532.3796832783696,-0.4346669032200712,Slight or no change
2018-12-26,RBLBANK,EQ,2018-12-26,561.2,556.5,566.4,548.85,560.4,558.9,557.12,745347,415250833.5,19453,275502,36.96,12,2018,532.4141942751597,-0.4098360655737876,Slight or no change
2018-12-27,RBLBANK,EQ,2018-12-27,558.9,563.9,580.0,559.2,579.05,576.9,572.58,2250025,1288320179.9,28400,1338293,59.48,12,2018,532.5882652594697,3.2206119162640823,Among top gainers
2018-12-28,RBLBANK,EQ,2018-12-28,576.9,579.1,581.65,574.0,578.55,580.45,578.69,1158664,670508223.9,27731,565077,48.77,12,2018,532.6845127260079,0.6153579476512405,Slight positive
2018-12-31,RBLBANK,EQ,2018-12-31,580.45,581.0,587.0,574.1,575.0,575.6,580.9,791051,459522856.15,14893,303441,38.36,12,2018,532.7433518290056,-0.8355586183133812,Slight negative
2019-01-01,RBLBANK,EQ,2019-01-01,575.6,578.7,578.95,571.45,576.8,577.1,575.45,302522,174087472.3,6476,92177,30.47,1,2019,532.7665971496696,0.2605976372480834,Slight or no change
2019-01-02,RBLBANK,EQ,2019-01-02,577.1,577.1,581.9,564.25,566.2,565.2,571.29,756154,431981951.2,19300,323708,42.81,1,2019,532.8090253028671,-2.062034309478422,Negative
2019-01-03,RBLBANK,EQ,2019-01-03,565.2,569.4,573.45,561.0,561.8,562.1,567.04,458259,259849798.95,10029,125954,27.49,1,2019,532.8322287235264,-0.5484784147204547,Slight negative
2019-01-04,RBLBANK,EQ,2019-01-04,562.1,562.1,575.65,562.1,571.75,571.65,571.54,880714,503365303.05,23812,245105,27.83,1,2019,532.8912368731376,1.6989859455612821,Positive
2019-01-07,RBLBANK,EQ,2019-01-07,571.65,576.2,578.9,567.55,573.5,574.15,571.68,1167752,667583570.9,16975,352199,30.16,1,2019,532.9742293746672,0.43733053441792347,Slight or no change
2019-01-08,RBLBANK,EQ,2019-01-08,574.15,574.0,575.9,551.9,565.7,565.0,566.01,944170,534405728.2,15968,426607,45.18,1,2019,533.0262308975699,-1.5936601933292605,Negative
2019-01-09,RBLBANK,EQ,2019-01-09,565.0,569.6,581.75,566.9,577.25,577.1,576.12,1206091,694849662.85,33961,446111,36.99,1,2019,533.1174585866141,2.141592920353985,Positive
2019-01-10,RBLBANK,EQ,2019-01-10,577.1,580.0,584.0,570.25,579.65,579.25,579.62,787468,456432356.05,24335,375052,47.63,1,2019,533.1797201711985,0.37255241725870913,Slight or no change
2019-01-11,RBLBANK,EQ,2019-01-11,579.25,577.5,583.0,570.5,575.0,575.75,574.82,505821,290758518.7,11513,217020,42.9,1,2019,533.2165930377748,-0.6042296072507503,Slight negative
2019-01-14,RBLBANK,EQ,2019-01-14,575.75,571.55,578.9,569.1,575.0,576.2,574.16,545568,313244332.5,13902,191759,35.15,1,2019,533.2567118185011,0.07815892314373407,Slight or no change
2019-01-15,RBLBANK,EQ,2019-01-15,576.2,576.0,581.2,573.3,579.1,579.25,578.29,485032,280487247.3,8710,183624,37.86,1,2019,533.294844963833,0.5293300937174505,Slight positive
2019-01-16,RBLBANK,EQ,2019-01-16,579.25,574.2,580.6,571.55,573.0,574.25,575.72,534422,307678118.15,20354,182244,34.1,1,2019,533.3322245182388,-0.8631851532153623,Slight negative
2019-01-17,RBLBANK,EQ,2019-01-17,574.25,573.4,574.0,566.1,569.1,569.95,569.96,578654,329809709.95,18984,283964,49.07,1,2019,533.3683757551898,-0.7488027862429192,Slight negative
2019-01-18,RBLBANK,EQ,2019-01-18,569.95,569.1,571.9,560.5,571.9,569.65,565.63,625098,353572702.8,28685,223377,35.73,1,2019,533.4070288389174,-0.05263619615757387,Slight or no change
2019-01-21,RBLBANK,EQ,2019-01-21,569.65,571.0,581.0,569.15,580.0,579.9,576.6,757942,437028054.8,22958,285259,37.64,1,2019,533.4670095961903,1.7993504783639036,Positive
2019-01-22,RBLBANK,EQ,2019-01-22,579.9,582.85,588.95,571.25,576.95,575.1,579.94,1618877,938847859.95,29207,442920,27.36,1,2019,533.5814146134733,-0.8277289187790915,Slight negative
2019-01-23,RBLBANK,EQ,2019-01-23,575.1,578.25,584.0,575.7,579.5,578.5,580.34,745315,432536349.25,16312,178966,24.01,1,2019,533.6381704402565,0.5912015301686724,Slight positive
2019-01-24,RBLBANK,EQ,2019-01-24,578.5,580.0,582.85,572.5,577.05,578.15,577.64,423909,244867177.15,17604,167799,39.58,1,2019,533.670135874692,-0.06050129645636115,Slight or no change
2019-01-25,RBLBANK,EQ,2019-01-25,578.15,581.8,583.6,571.2,574.6,573.65,578.87,955137,552901439.95,25045,430618,45.08,1,2019,533.7347217216491,-0.7783447202283189,Slight negative
2019-01-28,RBLBANK,EQ,2019-01-28,573.65,574.85,575.8,552.35,562.85,563.15,564.73,2517674,1421797000.45,64578,628295,24.96,1,2019,533.8594478466498,-1.8303843807199516,Negative
2019-01-29,RBLBANK,EQ,2019-01-29,563.15,560.0,560.95,542.0,552.05,550.5,550.7,2575635,1418412234.7,60788,952480,36.98,1,2019,533.9313194306974,-2.2462931723341906,Negative
2019-01-30,RBLBANK,EQ,2019-01-30,550.5,552.0,565.0,551.25,564.25,563.0,559.38,1164482,651386939.8,47062,484041,41.57,1,2019,533.9879715343233,2.270663033605813,Positive
2019-01-31,RBLBANK,EQ,2019-01-31,563.0,565.0,573.75,555.55,565.2,568.65,565.4,1330990,752544584.55,32640,634457,47.67,1,2019,534.0650122591513,1.0035523978685568,Positive
2019-02-01,RBLBANK,EQ,2019-02-01,568.65,568.9,580.95,566.45,580.0,577.2,573.68,642726,368717027.55,13554,255050,39.68,2,2019,534.1112590142872,1.5035610656818799,Positive
2019-02-04,RBLBANK,EQ,2019-02-04,577.2,579.45,600.0,573.5,599.95,594.5,588.56,2096586,1233972869.25,47197,883084,42.12,2,2019,534.3217231731028,2.9972279972279914,Positive
2019-02-05,RBLBANK,EQ,2019-02-05,594.5,600.0,607.45,582.95,585.0,585.6,597.11,2851206,1702484693.85,52866,679962,23.85,2,2019,534.5636132248546,-1.4970563498738376,Negative
2019-02-06,RBLBANK,EQ,2019-02-06,585.6,584.15,589.75,578.8,584.5,584.15,583.87,859597,501894043.85,20312,235190,27.36,2,2019,534.634033244583,-0.24760928961748974,Slight or no change
2019-02-07,RBLBANK,EQ,2019-02-07,584.15,584.5,594.8,577.95,580.8,580.1,586.3,1970033,1155023494.8,35994,814303,41.33,2,2019,534.7815317132705,-0.6933150731832538,Slight negative
2019-02-08,RBLBANK,EQ,2019-02-08,580.1,579.7,585.05,570.7,573.0,572.85,575.41,1218281,701007820.45,29663,564401,46.33,2,2019,534.8577519062659,-1.2497845199103574,Negative
2019-02-11,RBLBANK,EQ,2019-02-11,572.85,573.1,575.95,559.75,564.3,564.6,565.01,1090830,616328512.95,26301,601178,55.11,2,2019,534.9109762310752,-1.440167583136942,Negative
2019-02-12,RBLBANK,EQ,2019-02-12,564.6,564.5,571.85,560.2,563.15,563.5,565.68,943928,533959010.35,14997,495321,52.47,2,2019,534.9551785948554,-0.19482819695360032,Slight or no change
2019-02-13,RBLBANK,EQ,2019-02-13,563.5,565.85,570.35,550.0,553.35,554.0,560.22,979152,548540168.45,31458,377383,38.54,2,2019,534.9856742764459,-1.685891748003554,Negative
2019-02-14,RBLBANK,EQ,2019-02-14,554.0,558.95,558.95,545.5,551.45,551.45,549.82,1157745,636549316.2,19109,613954,53.03,2,2019,535.0167876215983,-0.46028880866425537,Slight or no change
2019-02-15,RBLBANK,EQ,2019-02-15,551.45,551.0,556.75,543.45,547.4,548.55,548.93,878754,482371261.75,25581,319099,36.31,2,2019,535.0361712720131,-0.5258862997552072,Slight negative
2019-02-18,RBLBANK,EQ,2019-02-18,548.55,549.0,557.0,545.5,548.4,548.3,550.91,912427,502663629.85,28634,337939,37.04,2,2019,535.0558677689477,-0.045574696928263325,Slight or no change
2019-02-19,RBLBANK,EQ,2019-02-19,548.3,545.0,554.5,544.0,545.6,546.65,549.85,614103,337662350.95,24247,221636,36.09,2,2019,535.0674440106662,-0.3009301477293391,Slight or no change
2019-02-20,RBLBANK,EQ,2019-02-20,546.65,550.0,556.3,546.65,553.95,554.75,552.47,759871,419808762.05,21422,319972,42.11,2,2019,535.0917309765458,1.481752492454036,Positive
2019-02-21,RBLBANK,EQ,2019-02-21,554.75,556.5,561.85,550.55,560.5,559.5,557.83,1325462,739376265.0,41160,628005,47.38,2,2019,535.1441540400789,0.8562415502478604,Slight positive
2019-02-22,RBLBANK,EQ,2019-02-22,559.5,558.8,565.85,558.8,562.0,563.85,562.3,1247101,701240361.45,23025,750216,60.16,2,2019,535.2020453507479,0.7774798927614013,Slight positive
2019-02-25,RBLBANK,EQ,2019-02-25,563.85,563.9,578.5,557.3,575.45,574.3,573.49,1189374,682090025.25,28194,500994,42.12,2,2019,535.277100308138,1.8533297862906695,Positive
2019-02-26,RBLBANK,EQ,2019-02-26,574.3,567.0,578.8,560.6,574.95,576.0,572.33,996819,570513540.45,21559,466280,46.78,2,2019,535.3425132588393,0.2960125370015776,Slight or no change
2019-02-27,RBLBANK,EQ,2019-02-27,576.0,577.15,588.0,568.95,570.5,571.75,578.77,1543374,893261940.6,35093,833024,53.97,2,2019,535.4328349079102,-0.737847222222221,Slight negative
2019-02-28,RBLBANK,EQ,2019-02-28,571.75,572.0,581.0,571.55,577.0,577.85,576.68,1230096,709366545.0,16498,731349,59.45,2,2019,535.516540167714,1.0668998688238007,Positive
2019-03-01,RBLBANK,EQ,2019-03-01,577.85,580.0,597.7,578.1,595.5,595.8,589.55,1527384,900471649.85,27020,725061,47.47,3,2019,535.663892039398,3.106342476421209,Among top gainers
2019-03-05,RBLBANK,EQ,2019-03-05,595.8,595.0,611.0,592.4,609.45,609.45,604.86,2592636,1568177991.55,40892,1535413,59.22,3,2019,535.9687708276722,2.291037260825801,Positive
2019-03-06,RBLBANK,EQ,2019-03-06,609.45,614.35,628.9,612.0,628.55,627.5,623.58,3806078,2373378913.8,83305,2211897,58.11,3,2019,536.5206342991336,2.961686766756899,Positive
2019-03-07,RBLBANK,EQ,2019-03-07,627.5,628.85,632.4,617.45,624.75,622.45,625.86,3413214,2136197091.5,54816,1656573,48.53,3,2019,536.9827470302415,-0.8047808764940156,Slight negative
2019-03-08,RBLBANK,EQ,2019-03-08,622.45,620.0,641.95,618.0,641.15,638.1,634.34,3784443,2400612461.95,64787,1957000,51.71,3,2019,537.5821075766247,2.51425817334725,Positive
2019-03-11,RBLBANK,EQ,2019-03-11,638.1,642.4,658.9,634.1,635.0,642.9,650.43,6114207,3976838260.25,94916,3033600,49.62,3,2019,538.5811042445515,0.7522331922896086,Slight positive
2019-03-12,RBLBANK,EQ,2019-03-12,642.9,638.3,642.55,630.55,633.5,633.25,636.88,3855895,2455759014.65,73922,2460219,63.8,3,2019,539.144046747212,-1.5010110437081892,Negative
2019-03-13,RBLBANK,EQ,2019-03-13,633.25,634.75,640.0,623.3,627.8,627.25,628.82,2025239,1273516524.85,45018,1066161,52.64,3,2019,539.4183675642463,-0.9474930911962054,Slight negative
2019-03-14,RBLBANK,EQ,2019-03-14,627.25,631.0,644.8,624.0,638.85,636.9,633.73,3522703,2232456941.75,50738,2190030,62.17,3,2019,539.9434535125382,1.538461538461533,Positive
2019-03-15,RBLBANK,EQ,2019-03-15,636.9,642.0,653.95,640.25,645.0,648.15,647.99,20765318,13455672490.9,105086,12878044,62.02,3,2019,543.2734855022426,1.7663683466792257,Positive
2019-03-18,RBLBANK,EQ,2019-03-18,648.15,648.0,656.2,634.0,637.85,636.45,641.01,1800319,1154020366.35,49973,740896,41.15,3,2019,543.5214303000259,-1.8051376996065627,Negative
2019-03-19,RBLBANK,EQ,2019-03-19,636.45,638.7,650.2,635.6,648.1,648.3,645.0,1347013,868828117.5,24866,545639,40.51,3,2019,543.729629716589,1.8618901720480752,Positive
2019-03-20,RBLBANK,EQ,2019-03-20,648.3,646.95,648.0,636.0,645.0,644.75,642.66,1467224,942920195.8,25160,820300,55.91,3,2019,543.9478030540081,-0.5475859941385108,Slight negative
2019-03-22,RBLBANK,EQ,2019-03-22,644.75,644.9,661.5,633.45,635.0,636.3,648.77,2431895,1577741426.05,40800,892419,36.7,3,2019,544.2772128419559,-1.3105854982551457,Negative
2019-03-25,RBLBANK,EQ,2019-03-25,636.3,629.0,640.2,627.0,638.0,637.35,632.7,748182,473375092.35,23772,215322,28.78,3,2019,544.3792358454128,0.16501650165017256,Slight or no change
2019-03-26,RBLBANK,EQ,2019-03-26,637.35,635.0,655.75,635.0,655.0,654.2,648.31,2038545,1321618851.45,20797,1050360,51.52,3,2019,544.7062584166198,2.643759315917471,Positive
2019-03-27,RBLBANK,EQ,2019-03-27,654.2,660.95,678.6,656.0,667.0,668.5,670.52,4903592,3287970632.65,70799,1760450,35.9,3,2019,545.5866710660897,2.1858758789361055,Positive
2019-03-28,RBLBANK,EQ,2019-03-28,668.5,671.95,687.35,670.35,680.8,684.3,681.31,4373710,2979840729.6,42546,2140202,48.93,3,2019,546.461041018242,2.363500373971572,Positive
2019-03-29,RBLBANK,EQ,2019-03-29,684.3,683.7,691.45,677.8,678.0,680.35,685.23,2112307,1447426177.75,42377,897576,42.49,3,2019,546.8673989541045,-0.577232208095857,Slight negative
2019-04-01,RBLBANK,EQ,2019-04-01,680.35,681.95,690.25,676.55,678.0,679.8,683.21,1113679,760871639.3,23750,448970,40.31,4,2019,547.0797742928615,-0.08084074373485572,Slight or no change
2019-04-02,RBLBANK,EQ,2019-04-02,679.8,679.5,682.9,669.15,680.85,678.75,675.21,934378,630901568.5,37789,357568,38.27,4,2019,547.2560291104751,-0.1544571932921346,Slight or no change
2019-04-03,RBLBANK,EQ,2019-04-03,678.75,683.0,683.1,660.1,661.0,663.05,671.29,740526,497108445.75,15909,238940,32.27,4,2019,547.3787438063549,-2.313075506445683,Negative
2019-04-04,RBLBANK,EQ,2019-04-04,663.05,660.0,662.95,646.55,650.5,649.25,652.47,1599956,1043917437.1,48199,451719,28.23,4,2019,547.6114654368049,-2.0812910036950405,Negative
2019-04-05,RBLBANK,EQ,2019-04-05,649.25,650.5,673.8,650.5,672.8,671.05,664.22,1408867,935797085.35,26861,562007,39.89,4,2019,547.8592789837577,3.357720446669221,Among top gainers
2019-04-08,RBLBANK,EQ,2019-04-08,671.05,675.2,675.4,651.85,655.95,655.95,660.53,971015,641382932.25,28076,307550,31.67,4,2019,548.0086334247654,-2.250204902764308,Negative
2019-04-09,RBLBANK,EQ,2019-04-09,655.95,657.0,669.35,651.7,669.25,668.1,663.59,905333,600769667.85,29051,236914,26.17,4,2019,548.1631463414985,1.8522753258632507,Positive
2019-04-10,RBLBANK,EQ,2019-04-10,668.1,667.9,679.2,665.1,675.1,674.05,674.29,917932,618947976.4,15663,273276,29.77,4,2019,548.3271559756035,0.8905852417302684,Slight positive
2019-04-11,RBLBANK,EQ,2019-04-11,674.05,673.8,674.7,658.85,665.45,664.6,664.47,779214,517763956.55,30422,259364,33.29,4,2019,548.4556057868625,-1.4019731473926211,Negative
2019-04-12,RBLBANK,EQ,2019-04-12,664.6,665.0,673.85,665.0,670.9,667.35,669.12,487732,326350762.3,10148,136045,27.89,4,2019,548.5377620836175,0.41378272645200553,Slight or no change
2019-04-15,RBLBANK,EQ,2019-04-15,667.35,670.7,674.45,666.0,670.0,668.8,669.78,470345,315028236.95,8499,126463,26.89,4,2019,548.6178477391634,0.21727729077694047,Slight or no change
2019-04-16,RBLBANK,EQ,2019-04-16,668.8,670.0,682.3,668.4,682.0,680.3,677.96,1021695,692668870.5,23875,248566,24.33,4,2019,548.8080559831792,1.7194976076555069,Positive
2019-04-18,RBLBANK,EQ,2019-04-18,680.3,684.2,686.45,668.1,677.0,675.45,678.24,3414687,2315977732.55,53543,487359,14.27,4,2019,549.4164964102464,-0.7129207702484042,Slight negative
2019-04-22,RBLBANK,EQ,2019-04-22,675.45,676.95,682.9,663.15,681.4,681.1,675.6,1681191,1135819730.95,33341,369551,21.98,4,2019,549.7272469918562,0.8364793841142859,Slight positive
2019-04-23,RBLBANK,EQ,2019-04-23,681.1,681.0,686.9,670.9,675.15,673.35,678.36,1683991,1142343952.15,28866,448405,26.63,4,2019,550.0187723526069,-1.1378652180296545,Negative
2019-04-24,RBLBANK,EQ,2019-04-24,673.35,677.7,679.35,667.7,670.35,672.75,672.51,1305166,877738437.95,29325,650392,49.83,4,2019,550.2426784708697,-0.08910670527957354,Slight or no change
2019-04-25,RBLBANK,EQ,2019-04-25,672.75,671.5,674.6,664.4,667.05,665.95,669.19,1051963,703958898.75,14965,408419,38.82,4,2019,550.4125686614993,-1.0107766629505743,Negative
2019-04-26,RBLBANK,EQ,2019-04-26,665.95,671.2,671.55,660.0,669.0,669.9,666.15,835728,556724224.4,24570,311587,37.28,4,2019,550.5517842545974,0.5931376229446617,Slight positive
2019-04-30,RBLBANK,EQ,2019-04-30,669.9,670.0,681.9,664.2,676.1,678.85,675.94,1337000,903731138.15,23031,527997,39.49,4,2019,550.7904796175474,1.3360203015375438,Positive
2019-05-02,RBLBANK,EQ,2019-05-02,678.85,678.75,685.2,661.05,662.2,662.45,672.47,1360050,914599184.85,36929,606816,44.62,5,2019,551.0014014058837,-2.41585033512558,Negative
2019-05-03,RBLBANK,EQ,2019-05-03,662.45,665.3,674.0,663.0,674.0,672.2,669.14,1294837,866426496.9,43503,571102,44.11,5,2019,551.2189734931087,1.4718091931466448,Positive
2019-05-06,RBLBANK,EQ,2019-05-06,672.2,666.0,670.5,660.55,662.9,664.05,664.88,889968,591723644.35,23865,499084,56.08,5,2019,551.3580192954703,-1.212436774769432,Negative
2019-05-07,RBLBANK,EQ,2019-05-07,664.05,668.0,676.5,661.8,666.05,665.95,669.97,897661,601401506.1,20514,295534,32.92,5,2019,551.5002790474665,0.28612303290416197,Slight or no change
2019-05-08,RBLBANK,EQ,2019-05-08,665.95,665.8,667.6,650.55,652.85,652.8,656.0,971817,637510825.55,16786,439451,45.22,5,2019,551.6362433515145,-1.9746227194233912,Negative
2019-05-09,RBLBANK,EQ,2019-05-09,652.8,649.3,664.2,648.3,660.0,661.85,655.89,887749,582262846.4,34896,267781,30.16,5,2019,551.7712098567292,1.3863357843137303,Positive
2019-05-10,RBLBANK,EQ,2019-05-10,661.85,660.0,676.9,659.0,674.35,675.0,670.22,911404,610844735.5,47747,281312,30.87,5,2019,551.9259409021182,1.9868550275742303,Positive
2019-05-13,RBLBANK,EQ,2019-05-13,675.0,675.3,677.85,657.1,660.25,659.5,663.23,753274,499594056.95,33701,264755,35.15,5,2019,552.0374638930035,-2.2962962962962963,Negative
